,AGE,ALGOTYPE,DEMO,OVERALL.RESPONSE,KNOWERLEV,GENDER,ID,PASS_SORT,PASS_DOUBLE,PASS_HITCH,PASS_SORT_1,PASS_DOUBLE_1,PASS_HITCH_1,OVERALL.RESPONSE.NO,RESPONSE.NO,ACTION.NO,BUCKET,RESPONSE
0,12.0_74.0,sort,,,,,74.0,,,,,,,1,1,0,left,red
1,12.0_74.0,sort,,,,,74.0,,,,,,,2,2,0,right,blue
2,12.0_74.0,sort,,,,,74.0,,,,,,,3,3,0,left,red
3,12.0_74.0,sort,,,,,74.0,,,,,,,4,4,0,right,blue
4,12.0_74.0,sort,,,,,74.0,,,,,,,5,5,0,left,red
5,12.0_74.0,sort,,,,,74.0,,,,,,,6,6,0,right,blue
6,12.0_74.0,sort,,,,,74.0,,,,,,,7,7,0,left,red
7,12.0_74.0,sort,,,,,74.0,,,,,,,8,8,0,right,blue
8,12.0_74.0,sort,,,,,74.0,,,,,,,9,9,0,left,red
9,12.0_74.0,sort,,,,,74.0,,,,,,,10,10,0,right,blue
10,12.0_74.0,double,,,,,74.0,,,,,,,1,1,0,left,red
11,12.0_74.0,double,,,,,74.0,,,,,,,2,2,0,right,blue
12,12.0_74.0,double,,,,,74.0,,,,,,,3,3,0,left,red
13,12.0_74.0,double,,,,,74.0,,,,,,,4,3,1,left,red
14,12.0_74.0,double,,,,,74.0,,,,,,,5,4,0,right,blue
15,12.0_74.0,double,,,,,74.0,,,,,,,6,4,1,right,blue
16,12.0_74.0,double,,,,,74.0,,,,,,,7,5,0,left,red
17,12.0_74.0,double,,,,,74.0,,,,,,,8,5,1,left,red
18,12.0_74.0,double,,,,,74.0,,,,,,,9,6,0,right,blue
19,12.0_74.0,double,,,,,74.0,,,,,,,10,6,1,right,blue
20,12.0_74.0,double,,,,,74.0,,,,,,,11,7,0,left,red
21,12.0_74.0,double,,,,,74.0,,,,,,,12,7,1,left,red
22,12.0_74.0,hitch,,,,,74.0,,,,,,,1,1,0,left,red
23,12.0_74.0,hitch,,,,,74.0,,,,,,,2,2,0,right,blue
24,12.0_74.0,hitch,,,,,74.0,,,,,,,3,3,0,right,blue
25,12.0_74.0,hitch,,,,,74.0,,,,,,,4,3,1,right,black
26,12.0_74.0,hitch,,,,,74.0,,,,,,,5,4,0,left,red
27,12.0_74.0,hitch,,,,,74.0,,,,,,,6,5,0,left,black
28,12.0_74.0,hitch,,,,,74.0,,,,,,,7,6,0,right,black
29,12.0_74.0,hitch,,,,,74.0,,,,,,,8,6,1,right,blue
30,12.0_74.0,hitch,,,,,74.0,,,,,,,9,7,0,left,red
31,12.0_74.0,hitch,,,,,74.0,,,,,,,10,7,1,left,black
32,12.0_74.0,hitch,,,,,74.0,,,,,,,11,8,0,right,blue
33,12.0_74.0,hitch,,,,,74.0,,,,,,,12,8,1,right,black
34,12.0_74.0,hitch,,,,,74.0,,,,,,,13,9,0,right,blue
35,12.0_74.0,hitch,,,,,74.0,,,,,,,14,9,1,right,black
36,12.0_74.0,hitch,,,,,74.0,,,,,,,15,10,0,left,red
37,12.0_74.0,hitch,,,,,74.0,,,,,,,16,10,1,left,black
38,12.0_74.0,hitch,,,,,74.0,,,,,,,17,11,0,right,blue
39,12.0_74.0,hitch,,,,,74.0,,,,,,,18,11,1,right,black
40,12.0_74.0,hitch,,,,,74.0,,,,,,,19,12,0,left,red
41,12.0_74.0,hitch,,,,,74.0,,,,,,,20,12,1,left,black
42,10.0_76.0,sort,,,,,76.0,,,,,,,1,1,0,left,red
43,10.0_76.0,sort,,,,,76.0,,,,,,,2,2,0,right,blue
44,10.0_76.0,sort,,,,,76.0,,,,,,,3,3,0,left,red
45,10.0_76.0,sort,,,,,76.0,,,,,,,4,4,0,right,blue
46,10.0_76.0,sort,,,,,76.0,,,,,,,5,5,0,left,red
47,10.0_76.0,sort,,,,,76.0,,,,,,,6,6,0,right,blue
48,10.0_76.0,sort,,,,,76.0,,,,,,,7,7,0,left,red
49,10.0_76.0,sort,,,,,76.0,,,,,,,8,8,0,right,blue
50,10.0_76.0,sort,,,,,76.0,,,,,,,9,9,0,left,red
51,10.0_76.0,sort,,,,,76.0,,,,,,,10,10,0,right,blue
52,10.0_76.0,sort,,,,,76.0,,,,,,,11,11,0,left,red
53,10.0_76.0,sort,,,,,76.0,,,,,,,12,12,0,right,blue
54,10.0_76.0,double,,,,,76.0,,,,,,,1,1,0,left,red
55,10.0_76.0,double,,,,,76.0,,,,,,,2,2,0,right,blue
56,10.0_76.0,double,,,,,76.0,,,,,,,3,2,1,right,blue
57,10.0_76.0,double,,,,,76.0,,,,,,,4,3,0,left,red
58,10.0_76.0,double,,,,,76.0,,,,,,,5,4,0,right,blue
59,10.0_76.0,double,,,,,76.0,,,,,,,6,4,1,right,blue
60,10.0_76.0,double,,,,,76.0,,,,,,,7,5,0,left,red
61,10.0_76.0,double,,,,,76.0,,,,,,,8,6,0,right,blue
62,10.0_76.0,double,,,,,76.0,,,,,,,9,6,1,right,blue
63,10.0_76.0,double,,,,,76.0,,,,,,,10,7,0,left,red
64,10.0_76.0,double,,,,,76.0,,,,,,,11,8,0,right,blue
65,10.0_76.0,double,,,,,76.0,,,,,,,12,8,1,right,blue
66,10.0_76.0,double,,,,,76.0,,,,,,,13,9,0,left,red
67,10.0_76.0,double,,,,,76.0,,,,,,,14,10,0,right,blue
68,10.0_76.0,double,,,,,76.0,,,,,,,15,10,1,right,blue
69,10.0_76.0,hitch,,,,,76.0,,,,,,,1,1,0,left,red
70,10.0_76.0,hitch,,,,,76.0,,,,,,,2,1,1,left,black
71,10.0_76.0,hitch,,,,,76.0,,,,,,,3,2,0,right,blue
72,10.0_76.0,hitch,,,,,76.0,,,,,,,4,2,1,right,black
73,10.0_76.0,hitch,,,,,76.0,,,,,,,5,3,0,left,red
74,10.0_76.0,hitch,,,,,76.0,,,,,,,6,3,1,left,black
75,10.0_76.0,hitch,,,,,76.0,,,,,,,7,4,0,right,blue
76,10.0_76.0,hitch,,,,,76.0,,,,,,,8,4,1,right,black
77,10.0_76.0,hitch,,,,,76.0,,,,,,,9,5,0,left,red
78,10.0_76.0,hitch,,,,,76.0,,,,,,,10,5,1,left,black
79,10.0_76.0,hitch,,,,,76.0,,,,,,,11,6,0,right,blue
80,10.0_76.0,hitch,,,,,76.0,,,,,,,12,6,1,right,black
81,10.0_76.0,hitch,,,,,76.0,,,,,,,13,7,0,left,red
82,10.0_76.0,hitch,,,,,76.0,,,,,,,14,7,1,left,black
83,10.0_76.0,hitch,,,,,76.0,,,,,,,15,8,0,right,blue
84,10.0_76.0,hitch,,,,,76.0,,,,,,,16,8,1,right,black
85,10.0_76.0,hitch,,,,,76.0,,,,,,,17,9,0,left,red
86,10.0_76.0,hitch,,,,,76.0,,,,,,,18,9,1,left,black
87,10.0_76.0,hitch,,,,,76.0,,,,,,,19,10,0,right,blue
88,10.0_76.0,hitch,,,,,76.0,,,,,,,20,10,1,right,black
89,10.0_76.0,hitch,,,,,76.0,,,,,,,21,11,0,left,red
90,10.0_76.0,hitch,,,,,76.0,,,,,,,22,11,1,left,black
91,10.0_76.0,hitch,,,,,76.0,,,,,,,23,12,0,right,blue
92,10.0_76.0,hitch,,,,,76.0,,,,,,,24,12,1,right,black
93,8.0_78.0,sort,,,,,78.0,,,,,,,1,1,0,left,red
94,8.0_78.0,sort,,,,,78.0,,,,,,,2,2,0,right,blue
95,8.0_78.0,sort,,,,,78.0,,,,,,,3,3,0,left,red
96,8.0_78.0,sort,,,,,78.0,,,,,,,4,4,0,right,blue
97,8.0_78.0,sort,,,,,78.0,,,,,,,5,5,0,left,red
98,8.0_78.0,sort,,,,,78.0,,,,,,,6,6,0,right,blue
99,8.0_78.0,sort,,,,,78.0,,,,,,,7,7,0,left,red
100,8.0_78.0,sort,,,,,78.0,,,,,,,8,8,0,right,blue
101,8.0_78.0,sort,,,,,78.0,,,,,,,9,9,0,left,red
102,8.0_78.0,sort,,,,,78.0,,,,,,,10,10,0,right,blue
103,8.0_78.0,sort,,,,,78.0,,,,,,,11,11,0,left,red
104,8.0_78.0,sort,,,,,78.0,,,,,,,12,12,0,right,blue
105,8.0_78.0,double,,,,,78.0,,,,,,,1,1,0,left,red
106,8.0_78.0,double,,,,,78.0,,,,,,,2,2,0,right,blue
107,8.0_78.0,double,,,,,78.0,,,,,,,3,2,1,right,blue
108,8.0_78.0,double,,,,,78.0,,,,,,,4,3,0,left,red
109,8.0_78.0,double,,,,,78.0,,,,,,,5,4,0,right,blue
110,8.0_78.0,double,,,,,78.0,,,,,,,6,4,1,right,blue
111,8.0_78.0,double,,,,,78.0,,,,,,,7,5,0,left,red
112,8.0_78.0,double,,,,,78.0,,,,,,,8,6,0,right,blue
113,8.0_78.0,double,,,,,78.0,,,,,,,9,6,1,right,blue
114,8.0_78.0,double,,,,,78.0,,,,,,,10,7,0,left,red
115,8.0_78.0,double,,,,,78.0,,,,,,,11,8,0,right,blue
116,8.0_78.0,double,,,,,78.0,,,,,,,12,8,1,right,blue
117,8.0_78.0,hitch,,,,,78.0,,,,,,,1,1,0,left,red
118,8.0_78.0,hitch,,,,,78.0,,,,,,,2,1,1,left,black
119,8.0_78.0,hitch,,,,,78.0,,,,,,,3,2,0,right,blue
120,8.0_78.0,hitch,,,,,78.0,,,,,,,4,2,1,right,black
121,8.0_78.0,hitch,,,,,78.0,,,,,,,5,3,0,left,red
122,8.0_78.0,hitch,,,,,78.0,,,,,,,6,3,1,left,black
123,8.0_78.0,hitch,,,,,78.0,,,,,,,7,4,0,left,blue
124,8.0_78.0,hitch,,,,,78.0,,,,,,,8,4,1,left,black
125,8.0_78.0,hitch,,,,,78.0,,,,,,,9,5,0,right,blue
126,8.0_78.0,hitch,,,,,78.0,,,,,,,10,5,1,right,black
127,8.0_78.0,hitch,,,,,78.0,,,,,,,11,6,0,left,red
128,8.0_78.0,hitch,,,,,78.0,,,,,,,12,6,1,left,black
129,8.0_78.0,hitch,,,,,78.0,,,,,,,13,7,0,right,blue
130,8.0_78.0,hitch,,,,,78.0,,,,,,,14,7,1,right,black
131,8.0_78.0,hitch,,,,,78.0,,,,,,,15,8,0,left,red
132,8.0_78.0,hitch,,,,,78.0,,,,,,,16,8,1,left,black
133,8.0_78.0,hitch,,,,,78.0,,,,,,,17,9,0,right,blue
134,8.0_78.0,hitch,,,,,78.0,,,,,,,18,9,1,right,black
135,9.0_80.0,sort,,,,,80.0,,,,,,,1,1,0,right,blue
136,9.0_80.0,sort,,,,,80.0,,,,,,,2,2,0,left,red
137,9.0_80.0,sort,,,,,80.0,,,,,,,3,3,0,right,blue
138,9.0_80.0,sort,,,,,80.0,,,,,,,4,4,0,left,red
139,9.0_80.0,sort,,,,,80.0,,,,,,,5,5,0,left,red
140,9.0_80.0,sort,,,,,80.0,,,,,,,6,6,0,right,blue
141,9.0_80.0,sort,,,,,80.0,,,,,,,7,7,0,left,red
142,9.0_80.0,sort,,,,,80.0,,,,,,,8,7,1,left,red
143,9.0_80.0,sort,,,,,80.0,,,,,,,9,8,0,right,blue
144,9.0_80.0,sort,,,,,80.0,,,,,,,10,8,1,right,blue
145,9.0_80.0,sort,,,,,80.0,,,,,,,11,9,0,left,red
146,9.0_80.0,sort,,,,,80.0,,,,,,,12,10,0,right,blue
147,9.0_80.0,sort,,,,,80.0,,,,,,,13,11,0,left,red
148,9.0_80.0,sort,,,,,80.0,,,,,,,14,12,0,right,blue
149,9.0_80.0,sort,,,,,80.0,,,,,,,15,13,0,left,red
150,9.0_80.0,sort,,,,,80.0,,,,,,,16,14,0,right,blue
151,9.0_80.0,double,,,,,80.0,,,,,,,1,1,0,left,red
152,9.0_80.0,double,,,,,80.0,,,,,,,2,2,0,right,blue
153,9.0_80.0,double,,,,,80.0,,,,,,,3,3,0,right,blue
154,9.0_80.0,double,,,,,80.0,,,,,,,4,3,1,right,blue
155,9.0_80.0,double,,,,,80.0,,,,,,,5,4,0,left,red
156,9.0_80.0,double,,,,,80.0,,,,,,,6,5,0,right,blue
157,9.0_80.0,double,,,,,80.0,,,,,,,7,5,1,right,blue
158,9.0_80.0,double,,,,,80.0,,,,,,,8,6,0,left,red
159,9.0_80.0,double,,,,,80.0,,,,,,,9,7,0,right,blue
160,9.0_80.0,double,,,,,80.0,,,,,,,10,7,1,right,blue
161,9.0_80.0,double,,,,,80.0,,,,,,,11,8,0,left,red
162,9.0_80.0,double,,,,,80.0,,,,,,,12,9,0,right,blue
163,9.0_80.0,double,,,,,80.0,,,,,,,13,9,1,right,blue
164,9.0_80.0,double,,,,,80.0,,,,,,,14,10,0,left,red
165,9.0_80.0,double,,,,,80.0,,,,,,,15,11,0,right,blue
166,9.0_80.0,double,,,,,80.0,,,,,,,16,11,1,right,blue
167,9.0_80.0,hitch,,,,,80.0,,,,,,,1,1,0,left,red
168,9.0_80.0,hitch,,,,,80.0,,,,,,,2,1,1,left,black
169,9.0_80.0,hitch,,,,,80.0,,,,,,,3,2,0,right,blue
170,9.0_80.0,hitch,,,,,80.0,,,,,,,4,2,1,right,black
171,9.0_80.0,hitch,,,,,80.0,,,,,,,5,3,0,left,red
172,9.0_80.0,hitch,,,,,80.0,,,,,,,6,3,1,left,black
173,9.0_80.0,hitch,,,,,80.0,,,,,,,7,4,0,right,blue
174,9.0_80.0,hitch,,,,,80.0,,,,,,,8,4,1,right,black
175,9.0_80.0,hitch,,,,,80.0,,,,,,,9,5,0,left,red
176,9.0_80.0,hitch,,,,,80.0,,,,,,,10,5,1,left,black
177,9.0_80.0,hitch,,,,,80.0,,,,,,,11,6,0,right,blue
178,9.0_80.0,hitch,,,,,80.0,,,,,,,12,6,1,right,black
179,9.0_80.0,hitch,,,,,80.0,,,,,,,13,7,0,left,red
180,9.0_80.0,hitch,,,,,80.0,,,,,,,14,7,1,left,black
181,9.0_80.0,hitch,,,,,80.0,,,,,,,15,8,0,right,blue
182,9.0_80.0,hitch,,,,,80.0,,,,,,,16,8,1,right,black
183,9.0_80.0,hitch,,,,,80.0,,,,,,,17,9,0,left,red
184,9.0_80.0,hitch,,,,,80.0,,,,,,,18,9,1,left,black
185,9.0_80.0,hitch,,,,,80.0,,,,,,,19,10,0,right,blue
186,9.0_80.0,hitch,,,,,80.0,,,,,,,20,10,1,right,black
187,7.0_82.0,sort,,,,,82.0,,,,,,,1,1,0,left,red
188,7.0_82.0,sort,,,,,82.0,,,,,,,2,2,0,right,blue
189,7.0_82.0,sort,,,,,82.0,,,,,,,3,3,0,left,red
190,7.0_82.0,sort,,,,,82.0,,,,,,,4,4,0,right,blue
191,7.0_82.0,sort,,,,,82.0,,,,,,,5,5,0,left,red
192,7.0_82.0,sort,,,,,82.0,,,,,,,6,6,0,right,blue
193,7.0_82.0,sort,,,,,82.0,,,,,,,7,7,0,left,red
194,7.0_82.0,sort,,,,,82.0,,,,,,,8,8,0,right,blue
195,7.0_82.0,sort,,,,,82.0,,,,,,,9,9,0,left,red
196,7.0_82.0,sort,,,,,82.0,,,,,,,10,10,0,left,red
197,7.0_82.0,sort,,,,,82.0,,,,,,,11,11,0,right,blue
198,7.0_82.0,sort,,,,,82.0,,,,,,,12,12,0,right,blue
199,7.0_82.0,sort,,,,,82.0,,,,,,,13,13,0,left,red
200,7.0_82.0,sort,,,,,82.0,,,,,,,14,14,0,right,blue
201,7.0_82.0,sort,,,,,82.0,,,,,,,15,15,0,left,red
202,7.0_82.0,double,,,,,82.0,,,,,,,1,1,0,right,blue
203,7.0_82.0,double,,,,,82.0,,,,,,,2,2,0,left,red
204,7.0_82.0,double,,,,,82.0,,,,,,,3,3,0,right,blue
205,7.0_82.0,double,,,,,82.0,,,,,,,4,3,1,right,blue
206,7.0_82.0,double,,,,,82.0,,,,,,,5,4,0,left,red
207,7.0_82.0,double,,,,,82.0,,,,,,,6,5,0,left,red
208,7.0_82.0,double,,,,,82.0,,,,,,,7,6,0,right,blue
209,7.0_82.0,double,,,,,82.0,,,,,,,8,7,0,left,red
210,7.0_82.0,double,,,,,82.0,,,,,,,9,8,0,right,blue
211,7.0_82.0,double,,,,,82.0,,,,,,,10,9,0,left,red
212,7.0_82.0,double,,,,,82.0,,,,,,,11,10,0,left,red
213,7.0_82.0,double,,,,,82.0,,,,,,,12,11,0,right,blue
214,7.0_82.0,double,,,,,82.0,,,,,,,13,12,0,right,blue
215,7.0_82.0,double,,,,,82.0,,,,,,,14,13,0,left,red
216,7.0_82.0,double,,,,,82.0,,,,,,,15,14,0,right,blue
217,7.0_82.0,double,,,,,82.0,,,,,,,16,15,0,left,red
218,7.0_82.0,hitch,,,,,82.0,,,,,,,1,1,0,right,blue
219,7.0_82.0,hitch,,,,,82.0,,,,,,,2,1,1,right,black
220,7.0_82.0,hitch,,,,,82.0,,,,,,,3,2,0,left,red
221,7.0_82.0,hitch,,,,,82.0,,,,,,,4,2,1,left,black
222,7.0_82.0,hitch,,,,,82.0,,,,,,,5,3,0,right,blue
223,7.0_82.0,hitch,,,,,82.0,,,,,,,6,3,1,right,black
224,7.0_82.0,hitch,,,,,82.0,,,,,,,7,4,0,left,red
225,7.0_82.0,hitch,,,,,82.0,,,,,,,8,4,1,left,black
226,7.0_82.0,hitch,,,,,82.0,,,,,,,9,5,0,left,red
227,7.0_82.0,hitch,,,,,82.0,,,,,,,10,5,1,left,black
228,7.0_82.0,hitch,,,,,82.0,,,,,,,11,6,0,right,blue
229,7.0_82.0,hitch,,,,,82.0,,,,,,,12,6,1,right,black
230,7.0_82.0,hitch,,,,,82.0,,,,,,,13,7,0,left,red
231,7.0_82.0,hitch,,,,,82.0,,,,,,,14,7,1,left,black
232,9.0_84.0,sort,,,,,84.0,,,,,,,1,1,0,left,red
233,9.0_84.0,sort,,,,,84.0,,,,,,,2,2,0,right,blue
234,9.0_84.0,sort,,,,,84.0,,,,,,,3,3,0,left,red
235,9.0_84.0,sort,,,,,84.0,,,,,,,4,4,0,right,blue
236,9.0_84.0,sort,,,,,84.0,,,,,,,5,5,0,left,red
237,9.0_84.0,sort,,,,,84.0,,,,,,,6,6,0,right,blue
238,9.0_84.0,sort,,,,,84.0,,,,,,,7,7,0,left,red
239,9.0_84.0,sort,,,,,84.0,,,,,,,8,8,0,right,blue
240,9.0_84.0,sort,,,,,84.0,,,,,,,9,9,0,left,red
241,9.0_84.0,sort,,,,,84.0,,,,,,,10,10,0,right,blue
242,9.0_84.0,sort,,,,,84.0,,,,,,,11,11,0,left,blue
243,9.0_84.0,sort,,,,,84.0,,,,,,,12,12,0,right,blue
244,9.0_84.0,sort,,,,,84.0,,,,,,,13,13,0,left,red
245,9.0_84.0,sort,,,,,84.0,,,,,,,14,14,0,right,blue
246,9.0_84.0,double,,,,,84.0,,,,,,,1,1,0,left,red
247,9.0_84.0,double,,,,,84.0,,,,,,,2,2,0,right,blue
248,9.0_84.0,double,,,,,84.0,,,,,,,3,3,0,left,red
249,9.0_84.0,double,,,,,84.0,,,,,,,4,4,0,right,blue
250,9.0_84.0,double,,,,,84.0,,,,,,,5,5,0,left,red
251,9.0_84.0,double,,,,,84.0,,,,,,,6,6,0,right,blue
252,9.0_84.0,double,,,,,84.0,,,,,,,7,7,0,left,red
253,9.0_84.0,double,,,,,84.0,,,,,,,8,8,0,right,blue
254,9.0_84.0,double,,,,,84.0,,,,,,,9,9,0,left,red
255,9.0_84.0,double,,,,,84.0,,,,,,,10,10,0,right,blue
256,9.0_84.0,hitch,,,,,84.0,,,,,,,1,1,0,left,red
257,9.0_84.0,hitch,,,,,84.0,,,,,,,2,1,1,left,black
258,9.0_84.0,hitch,,,,,84.0,,,,,,,3,2,0,right,blue
259,9.0_84.0,hitch,,,,,84.0,,,,,,,4,2,1,right,black
260,9.0_84.0,hitch,,,,,84.0,,,,,,,5,3,0,left,red
261,9.0_84.0,hitch,,,,,84.0,,,,,,,6,3,1,left,black
262,9.0_84.0,hitch,,,,,84.0,,,,,,,7,4,0,right,blue
263,9.0_84.0,hitch,,,,,84.0,,,,,,,8,4,1,right,black
264,9.0_84.0,hitch,,,,,84.0,,,,,,,9,5,0,left,red
265,9.0_84.0,hitch,,,,,84.0,,,,,,,10,5,1,left,black
266,9.0_84.0,hitch,,,,,84.0,,,,,,,11,6,0,right,blue
267,9.0_84.0,hitch,,,,,84.0,,,,,,,12,6,1,right,black
268,9.0_84.0,hitch,,,,,84.0,,,,,,,13,7,0,left,red
269,9.0_84.0,hitch,,,,,84.0,,,,,,,14,7,1,left,black
270,9.0_84.0,hitch,,,,,84.0,,,,,,,15,8,0,right,blue
271,9.0_84.0,hitch,,,,,84.0,,,,,,,16,8,1,right,black
272,9.0_84.0,hitch,,,,,84.0,,,,,,,17,9,0,left,red
273,9.0_84.0,hitch,,,,,84.0,,,,,,,18,9,1,left,black
274,9.0_84.0,hitch,,,,,84.0,,,,,,,19,10,0,right,blue
275,9.0_84.0,hitch,,,,,84.0,,,,,,,20,10,1,right,black
276,11.0_85.0,sort,,,,,85.0,,,,,,,1,1,0,left,red
277,11.0_85.0,sort,,,,,85.0,,,,,,,2,2,0,right,blue
278,11.0_85.0,sort,,,,,85.0,,,,,,,3,3,0,left,red
279,11.0_85.0,sort,,,,,85.0,,,,,,,4,4,0,right,blue
280,11.0_85.0,sort,,,,,85.0,,,,,,,5,5,0,left,red
281,11.0_85.0,sort,,,,,85.0,,,,,,,6,6,0,right,blue
282,11.0_85.0,sort,,,,,85.0,,,,,,,7,7,0,left,red
283,11.0_85.0,sort,,,,,85.0,,,,,,,8,8,0,right,blue
284,11.0_85.0,sort,,,,,85.0,,,,,,,9,9,0,left,red
285,11.0_85.0,sort,,,,,85.0,,,,,,,10,10,0,right,blue
286,11.0_85.0,sort,,,,,85.0,,,,,,,11,11,0,left,red
287,11.0_85.0,sort,,,,,85.0,,,,,,,12,12,0,right,blue
288,11.0_85.0,double,,,,,85.0,,,,,,,1,1,0,left,red
289,11.0_85.0,double,,,,,85.0,,,,,,,2,2,0,right,blue
290,11.0_85.0,double,,,,,85.0,,,,,,,3,3,0,left,red
291,11.0_85.0,double,,,,,85.0,,,,,,,4,4,0,right,blue
292,11.0_85.0,double,,,,,85.0,,,,,,,5,5,0,left,red
293,11.0_85.0,double,,,,,85.0,,,,,,,6,6,0,right,blue
294,11.0_85.0,double,,,,,85.0,,,,,,,7,7,0,left,red
295,11.0_85.0,double,,,,,85.0,,,,,,,8,8,0,right,blue
296,11.0_85.0,double,,,,,85.0,,,,,,,9,9,0,left,red
297,11.0_85.0,double,,,,,85.0,,,,,,,10,10,0,right,blue
298,11.0_85.0,hitch,,,,,85.0,,,,,,,1,1,0,left,red
299,11.0_85.0,hitch,,,,,85.0,,,,,,,2,1,1,left,black
300,11.0_85.0,hitch,,,,,85.0,,,,,,,3,2,0,right,blue
301,11.0_85.0,hitch,,,,,85.0,,,,,,,4,2,1,right,black
302,11.0_85.0,hitch,,,,,85.0,,,,,,,5,3,0,left,red
303,11.0_85.0,hitch,,,,,85.0,,,,,,,6,3,1,left,black
304,11.0_85.0,hitch,,,,,85.0,,,,,,,7,4,0,right,blue
305,11.0_85.0,hitch,,,,,85.0,,,,,,,8,4,1,right,black
306,11.0_85.0,hitch,,,,,85.0,,,,,,,9,5,0,left,red
307,11.0_85.0,hitch,,,,,85.0,,,,,,,10,5,1,left,black
308,11.0_85.0,hitch,,,,,85.0,,,,,,,11,6,0,right,blue
309,11.0_85.0,hitch,,,,,85.0,,,,,,,12,6,1,right,black
310,11.0_85.0,hitch,,,,,85.0,,,,,,,13,7,0,left,red
311,11.0_85.0,hitch,,,,,85.0,,,,,,,14,7,1,left,black
312,11.0_85.0,hitch,,,,,85.0,,,,,,,15,8,0,right,blue
313,11.0_85.0,hitch,,,,,85.0,,,,,,,16,8,1,right,black
314,8.0_93.0,sort,,,,,93.0,,,,,,,1,1,0,left,red
315,8.0_93.0,sort,,,,,93.0,,,,,,,2,2,0,right,blue
316,8.0_93.0,sort,,,,,93.0,,,,,,,3,2,1,right,blue
317,8.0_93.0,sort,,,,,93.0,,,,,,,4,3,0,right,blue
318,8.0_93.0,sort,,,,,93.0,,,,,,,5,3,1,right,blue
319,8.0_93.0,sort,,,,,93.0,,,,,,,6,4,0,left,blue
320,8.0_93.0,sort,,,,,93.0,,,,,,,7,5,0,right,blue
321,8.0_93.0,sort,,,,,93.0,,,,,,,8,6,0,left,red
322,8.0_93.0,sort,,,,,93.0,,,,,,,9,7,0,right,blue
323,8.0_93.0,sort,,,,,93.0,,,,,,,10,8,0,left,red
324,8.0_93.0,sort,,,,,93.0,,,,,,,11,9,0,right,blue
325,8.0_93.0,sort,,,,,93.0,,,,,,,12,10,0,left,red
326,8.0_93.0,sort,,,,,93.0,,,,,,,13,11,0,right,blue
327,8.0_93.0,sort,,,,,93.0,,,,,,,14,12,0,left,red
328,8.0_93.0,sort,,,,,93.0,,,,,,,15,13,0,right,blue
329,8.0_93.0,double,,,,,93.0,,,,,,,1,1,0,right,blue
330,8.0_93.0,double,,,,,93.0,,,,,,,2,1,1,right,blue
331,8.0_93.0,double,,,,,93.0,,,,,,,3,2,0,left,red
332,8.0_93.0,double,,,,,93.0,,,,,,,4,3,0,right,blue
333,8.0_93.0,double,,,,,93.0,,,,,,,5,3,1,right,blue
334,8.0_93.0,double,,,,,93.0,,,,,,,6,4,0,left,red
335,8.0_93.0,double,,,,,93.0,,,,,,,7,5,0,right,blue
336,8.0_93.0,double,,,,,93.0,,,,,,,8,5,1,right,blue
337,8.0_93.0,double,,,,,93.0,,,,,,,9,6,0,left,red
338,8.0_93.0,double,,,,,93.0,,,,,,,10,7,0,right,blue
339,8.0_93.0,double,,,,,93.0,,,,,,,11,7,1,right,blue
340,8.0_93.0,double,,,,,93.0,,,,,,,12,8,0,left,red
341,8.0_93.0,double,,,,,93.0,,,,,,,13,9,0,right,blue
342,8.0_93.0,double,,,,,93.0,,,,,,,14,9,1,right,blue
343,8.0_93.0,double,,,,,93.0,,,,,,,15,10,0,left,red
344,8.0_93.0,double,,,,,93.0,,,,,,,16,11,0,right,blue
345,8.0_93.0,double,,,,,93.0,,,,,,,17,11,1,right,blue
346,8.0_93.0,double,,,,,93.0,,,,,,,18,12,0,left,red
347,8.0_93.0,double,,,,,93.0,,,,,,,19,13,0,right,blue
348,8.0_93.0,double,,,,,93.0,,,,,,,20,13,1,right,blue
349,8.0_93.0,hitch,,,,,93.0,,,,,,,1,1,0,left,red
350,8.0_93.0,hitch,,,,,93.0,,,,,,,2,1,1,left,black
351,8.0_93.0,hitch,,,,,93.0,,,,,,,3,2,0,right,blue
352,8.0_93.0,hitch,,,,,93.0,,,,,,,4,2,1,right,black
353,8.0_93.0,hitch,,,,,93.0,,,,,,,5,3,0,left,red
354,8.0_93.0,hitch,,,,,93.0,,,,,,,6,3,1,left,black
355,8.0_93.0,hitch,,,,,93.0,,,,,,,7,4,0,right,blue
356,8.0_93.0,hitch,,,,,93.0,,,,,,,8,4,1,right,black
357,8.0_93.0,hitch,,,,,93.0,,,,,,,9,5,0,left,red
358,8.0_93.0,hitch,,,,,93.0,,,,,,,10,5,1,left,black
359,8.0_93.0,hitch,,,,,93.0,,,,,,,11,6,0,right,blue
360,8.0_93.0,hitch,,,,,93.0,,,,,,,12,6,1,right,black
361,8.0_93.0,hitch,,,,,93.0,,,,,,,13,7,0,left,red
362,8.0_93.0,hitch,,,,,93.0,,,,,,,14,7,1,left,black
363,8.0_93.0,hitch,,,,,93.0,,,,,,,15,8,0,right,blue
364,8.0_93.0,hitch,,,,,93.0,,,,,,,16,8,1,right,black
365,8.0_93.0,hitch,,,,,93.0,,,,,,,17,9,0,left,red
366,8.0_93.0,hitch,,,,,93.0,,,,,,,18,9,1,left,black
367,8.0_93.0,hitch,,,,,93.0,,,,,,,19,10,0,right,blue
368,8.0_93.0,hitch,,,,,93.0,,,,,,,20,10,1,right,black
369,8.0_93.0,hitch,,,,,93.0,,,,,,,21,11,0,left,red
370,8.0_93.0,hitch,,,,,93.0,,,,,,,22,11,1,left,black
371,8.0_93.0,hitch,,,,,93.0,,,,,,,23,12,0,left,red
372,8.0_93.0,hitch,,,,,93.0,,,,,,,24,12,1,left,black
373,13.0_94.0,sort,,,,,94.0,,,,,,,1,1,0,left,red
374,13.0_94.0,sort,,,,,94.0,,,,,,,2,2,0,right,blue
375,13.0_94.0,sort,,,,,94.0,,,,,,,3,3,0,left,red
376,13.0_94.0,sort,,,,,94.0,,,,,,,4,4,0,right,blue
377,13.0_94.0,sort,,,,,94.0,,,,,,,5,5,0,left,red
378,13.0_94.0,sort,,,,,94.0,,,,,,,6,6,0,right,blue
379,13.0_94.0,sort,,,,,94.0,,,,,,,7,7,0,left,red
380,13.0_94.0,sort,,,,,94.0,,,,,,,8,8,0,right,blue
381,13.0_94.0,sort,,,,,94.0,,,,,,,9,9,0,left,red
382,13.0_94.0,sort,,,,,94.0,,,,,,,10,10,0,right,blue
383,13.0_94.0,sort,,,,,94.0,,,,,,,11,11,0,left,red
384,13.0_94.0,sort,,,,,94.0,,,,,,,12,12,0,right,blue
385,13.0_94.0,double,,,,,94.0,,,,,,,1,1,0,left,red
386,13.0_94.0,double,,,,,94.0,,,,,,,2,2,0,right,blue
387,13.0_94.0,double,,,,,94.0,,,,,,,3,3,0,left,red
388,13.0_94.0,double,,,,,94.0,,,,,,,4,4,0,right,blue
389,13.0_94.0,double,,,,,94.0,,,,,,,5,4,1,right,blue
390,13.0_94.0,double,,,,,94.0,,,,,,,6,5,0,left,red
391,13.0_94.0,double,,,,,94.0,,,,,,,7,6,0,right,blue
392,13.0_94.0,double,,,,,94.0,,,,,,,8,6,1,right,blue
393,13.0_94.0,double,,,,,94.0,,,,,,,9,7,0,right,blue
394,13.0_94.0,double,,,,,94.0,,,,,,,10,7,1,right,blue
395,13.0_94.0,double,,,,,94.0,,,,,,,11,8,0,left,red
396,13.0_94.0,double,,,,,94.0,,,,,,,12,9,0,right,blue
397,13.0_94.0,double,,,,,94.0,,,,,,,13,9,1,right,blue
398,13.0_94.0,double,,,,,94.0,,,,,,,14,10,0,left,red
399,13.0_94.0,double,,,,,94.0,,,,,,,15,11,0,left,red
400,13.0_94.0,double,,,,,94.0,,,,,,,16,12,0,right,blue
401,13.0_94.0,double,,,,,94.0,,,,,,,17,12,1,right,blue
402,13.0_94.0,hitch,,,,,94.0,,,,,,,1,1,0,left,red
403,13.0_94.0,hitch,,,,,94.0,,,,,,,2,1,1,left,black
404,13.0_94.0,hitch,,,,,94.0,,,,,,,3,2,0,right,blue
405,13.0_94.0,hitch,,,,,94.0,,,,,,,4,2,1,right,black
406,13.0_94.0,hitch,,,,,94.0,,,,,,,5,3,0,left,red
407,13.0_94.0,hitch,,,,,94.0,,,,,,,6,3,1,left,black
408,13.0_94.0,hitch,,,,,94.0,,,,,,,7,4,0,right,blue
409,13.0_94.0,hitch,,,,,94.0,,,,,,,8,4,1,right,black
410,13.0_94.0,hitch,,,,,94.0,,,,,,,9,5,0,left,red
411,13.0_94.0,hitch,,,,,94.0,,,,,,,10,5,1,left,black
412,13.0_94.0,hitch,,,,,94.0,,,,,,,11,6,0,right,blue
413,13.0_94.0,hitch,,,,,94.0,,,,,,,12,6,1,right,black
414,13.0_94.0,hitch,,,,,94.0,,,,,,,13,7,0,left,red
415,13.0_94.0,hitch,,,,,94.0,,,,,,,14,7,1,left,black
416,13.0_94.0,hitch,,,,,94.0,,,,,,,15,8,0,right,blue
417,13.0_94.0,hitch,,,,,94.0,,,,,,,16,8,1,right,black
418,13.0_94.0,hitch,,,,,94.0,,,,,,,17,9,0,left,red
419,13.0_94.0,hitch,,,,,94.0,,,,,,,18,9,1,left,black
420,13.0_94.0,hitch,,,,,94.0,,,,,,,19,10,0,right,blue
421,13.0_94.0,hitch,,,,,94.0,,,,,,,20,10,1,right,black
422,13.0_94.0,hitch,,,,,94.0,,,,,,,21,11,0,right,blue
423,11.0_97.0,sort,,,,,97.0,,,,,,,1,1,0,left,red
424,11.0_97.0,sort,,,,,97.0,,,,,,,2,2,0,right,blue
425,11.0_97.0,sort,,,,,97.0,,,,,,,3,3,0,left,red
426,11.0_97.0,sort,,,,,97.0,,,,,,,4,4,0,right,blue
427,11.0_97.0,sort,,,,,97.0,,,,,,,5,5,0,left,red
428,11.0_97.0,sort,,,,,97.0,,,,,,,6,6,0,right,blue
429,11.0_97.0,sort,,,,,97.0,,,,,,,7,7,0,left,red
430,11.0_97.0,sort,,,,,97.0,,,,,,,8,8,0,right,blue
431,11.0_97.0,sort,,,,,97.0,,,,,,,9,9,0,left,blue
432,11.0_97.0,sort,,,,,97.0,,,,,,,10,10,0,right,blue
433,11.0_97.0,sort,,,,,97.0,,,,,,,11,11,0,left,red
434,11.0_97.0,sort,,,,,97.0,,,,,,,12,12,0,right,blue
435,11.0_97.0,double,,,,,97.0,,,,,,,1,1,0,left,red
436,11.0_97.0,double,,,,,97.0,,,,,,,2,2,0,right,blue
437,11.0_97.0,double,,,,,97.0,,,,,,,3,2,1,right,blue
438,11.0_97.0,double,,,,,97.0,,,,,,,4,3,0,left,red
439,11.0_97.0,double,,,,,97.0,,,,,,,5,4,0,right,blue
440,11.0_97.0,double,,,,,97.0,,,,,,,6,4,1,right,blue
441,11.0_97.0,double,,,,,97.0,,,,,,,7,5,0,left,red
442,11.0_97.0,double,,,,,97.0,,,,,,,8,6,0,right,blue
443,11.0_97.0,double,,,,,97.0,,,,,,,9,6,1,right,blue
444,11.0_97.0,double,,,,,97.0,,,,,,,10,7,0,left,red
445,11.0_97.0,double,,,,,97.0,,,,,,,11,8,0,right,blue
446,11.0_97.0,double,,,,,97.0,,,,,,,12,8,1,right,blue
447,11.0_97.0,double,,,,,97.0,,,,,,,13,9,0,left,red
448,11.0_97.0,double,,,,,97.0,,,,,,,14,10,0,right,blue
449,11.0_97.0,double,,,,,97.0,,,,,,,15,10,1,right,blue
450,11.0_97.0,hitch,,,,,97.0,,,,,,,1,1,0,left,red
451,11.0_97.0,hitch,,,,,97.0,,,,,,,2,1,1,left,black
452,11.0_97.0,hitch,,,,,97.0,,,,,,,3,2,0,right,black
453,11.0_97.0,hitch,,,,,97.0,,,,,,,4,2,1,right,blue
454,11.0_97.0,hitch,,,,,97.0,,,,,,,5,3,0,left,red
455,11.0_97.0,hitch,,,,,97.0,,,,,,,6,3,1,left,black
456,11.0_97.0,hitch,,,,,97.0,,,,,,,7,4,0,right,blue
457,11.0_97.0,hitch,,,,,97.0,,,,,,,8,4,1,right,black
458,11.0_97.0,hitch,,,,,97.0,,,,,,,9,5,0,left,red
459,11.0_97.0,hitch,,,,,97.0,,,,,,,10,5,1,left,black
460,11.0_97.0,hitch,,,,,97.0,,,,,,,11,6,0,right,blue
461,11.0_97.0,hitch,,,,,97.0,,,,,,,12,6,1,right,black
462,11.0_97.0,hitch,,,,,97.0,,,,,,,13,7,0,right,blue
463,11.0_97.0,hitch,,,,,97.0,,,,,,,14,7,1,right,black
464,11.0_97.0,hitch,,,,,97.0,,,,,,,15,8,0,left,red
465,11.0_97.0,hitch,,,,,97.0,,,,,,,16,8,1,left,black
466,11.0_97.0,hitch,,,,,97.0,,,,,,,17,9,0,right,blue
467,11.0_97.0,hitch,,,,,97.0,,,,,,,18,9,1,right,black
468,6.0_99.0,sort,,,,,99.0,,,,,,,1,1,0,right,blue
469,6.0_99.0,sort,,,,,99.0,,,,,,,2,2,0,left,red
470,6.0_99.0,sort,,,,,99.0,,,,,,,3,3,0,right,blue
471,6.0_99.0,sort,,,,,99.0,,,,,,,4,4,0,left,red
472,6.0_99.0,sort,,,,,99.0,,,,,,,5,5,0,right,blue
473,6.0_99.0,sort,,,,,99.0,,,,,,,6,6,0,right,blue
474,6.0_99.0,sort,,,,,99.0,,,,,,,7,7,0,left,red
475,6.0_99.0,sort,,,,,99.0,,,,,,,8,8,0,left,red
476,6.0_99.0,sort,,,,,99.0,,,,,,,9,9,0,right,blue
477,6.0_99.0,sort,,,,,99.0,,,,,,,10,10,0,left,red
478,6.0_99.0,sort,,,,,99.0,,,,,,,11,11,0,left,red
479,6.0_99.0,sort,,,,,99.0,,,,,,,12,12,0,right,blue
480,6.0_99.0,sort,,,,,99.0,,,,,,,13,13,0,right,blue
481,6.0_99.0,sort,,,,,99.0,,,,,,,14,14,0,left,red
482,6.0_99.0,sort,,,,,99.0,,,,,,,15,15,0,left,red
483,6.0_99.0,double,,,,,99.0,,,,,,,1,1,0,left,red
484,6.0_99.0,double,,,,,99.0,,,,,,,2,1,1,left,red
485,6.0_99.0,double,,,,,99.0,,,,,,,3,2,0,left,red
486,6.0_99.0,double,,,,,99.0,,,,,,,4,3,0,left,red
487,6.0_99.0,double,,,,,99.0,,,,,,,5,4,0,right,blue
488,6.0_99.0,double,,,,,99.0,,,,,,,6,4,1,right,blue
489,6.0_99.0,double,,,,,99.0,,,,,,,7,5,0,left,red
490,6.0_99.0,double,,,,,99.0,,,,,,,8,5,1,left,red
491,6.0_99.0,double,,,,,99.0,,,,,,,9,6,0,right,blue
492,6.0_99.0,double,,,,,99.0,,,,,,,10,6,1,right,blue
493,6.0_99.0,double,,,,,99.0,,,,,,,11,7,0,left,red
494,6.0_99.0,double,,,,,99.0,,,,,,,12,8,0,right,blue
495,6.0_99.0,double,,,,,99.0,,,,,,,13,8,1,right,blue
496,6.0_99.0,double,,,,,99.0,,,,,,,14,9,0,right,red
497,6.0_99.0,double,,,,,99.0,,,,,,,15,9,1,right,red
498,6.0_99.0,hitch,,,,,99.0,,,,,,,1,1,0,left,black
499,6.0_99.0,hitch,,,,,99.0,,,,,,,2,1,1,left,red
500,6.0_99.0,hitch,,,,,99.0,,,,,,,3,2,0,left,red
501,6.0_99.0,hitch,,,,,99.0,,,,,,,4,2,1,left,black
502,6.0_99.0,hitch,,,,,99.0,,,,,,,5,3,0,left,black
503,6.0_99.0,hitch,,,,,99.0,,,,,,,6,3,1,left,red
504,6.0_99.0,hitch,,,,,99.0,,,,,,,7,4,0,right,black
505,6.0_99.0,hitch,,,,,99.0,,,,,,,8,4,1,right,blue
506,6.0_99.0,hitch,,,,,99.0,,,,,,,9,5,0,left,black
507,6.0_99.0,hitch,,,,,99.0,,,,,,,10,5,1,left,red
508,6.0_99.0,hitch,,,,,99.0,,,,,,,11,6,0,left,red
509,6.0_99.0,hitch,,,,,99.0,,,,,,,12,6,1,left,black
510,6.0_99.0,hitch,,,,,99.0,,,,,,,13,7,0,left,red
511,6.0_99.0,hitch,,,,,99.0,,,,,,,14,7,1,left,black
512,10.0_100.0,sort,,,,,100.0,,,,,,,1,1,0,left,red
513,10.0_100.0,sort,,,,,100.0,,,,,,,2,2,0,right,blue
514,10.0_100.0,sort,,,,,100.0,,,,,,,3,3,0,left,red
515,10.0_100.0,sort,,,,,100.0,,,,,,,4,4,0,right,blue
516,10.0_100.0,sort,,,,,100.0,,,,,,,5,5,0,left,red
517,10.0_100.0,sort,,,,,100.0,,,,,,,6,6,0,right,blue
518,10.0_100.0,sort,,,,,100.0,,,,,,,7,7,0,left,red
519,10.0_100.0,sort,,,,,100.0,,,,,,,8,8,0,right,blue
520,10.0_100.0,sort,,,,,100.0,,,,,,,9,9,0,left,red
521,10.0_100.0,sort,,,,,100.0,,,,,,,10,10,0,right,blue
522,10.0_100.0,sort,,,,,100.0,,,,,,,11,11,0,left,red
523,10.0_100.0,sort,,,,,100.0,,,,,,,12,12,0,right,blue
524,10.0_100.0,double,,,,,100.0,,,,,,,1,1,0,left,red
525,10.0_100.0,double,,,,,100.0,,,,,,,2,2,0,right,blue
526,10.0_100.0,double,,,,,100.0,,,,,,,3,2,1,right,blue
527,10.0_100.0,double,,,,,100.0,,,,,,,4,3,0,left,red
528,10.0_100.0,double,,,,,100.0,,,,,,,5,4,0,right,blue
529,10.0_100.0,double,,,,,100.0,,,,,,,6,4,1,right,blue
530,10.0_100.0,double,,,,,100.0,,,,,,,7,5,0,left,red
531,10.0_100.0,double,,,,,100.0,,,,,,,8,6,0,right,blue
532,10.0_100.0,double,,,,,100.0,,,,,,,9,6,1,right,blue
533,10.0_100.0,double,,,,,100.0,,,,,,,10,7,0,left,red
534,10.0_100.0,double,,,,,100.0,,,,,,,11,8,0,right,blue
535,10.0_100.0,double,,,,,100.0,,,,,,,12,8,1,right,blue
536,10.0_100.0,double,,,,,100.0,,,,,,,13,9,0,left,red
537,10.0_100.0,double,,,,,100.0,,,,,,,14,10,0,right,blue
538,10.0_100.0,double,,,,,100.0,,,,,,,15,10,1,right,blue
539,10.0_100.0,hitch,,,,,100.0,,,,,,,1,1,0,left,red
540,10.0_100.0,hitch,,,,,100.0,,,,,,,2,1,1,left,black
541,10.0_100.0,hitch,,,,,100.0,,,,,,,3,2,0,right,blue
542,10.0_100.0,hitch,,,,,100.0,,,,,,,4,2,1,right,black
543,10.0_100.0,hitch,,,,,100.0,,,,,,,5,3,0,left,red
544,10.0_100.0,hitch,,,,,100.0,,,,,,,6,3,1,left,black
545,10.0_100.0,hitch,,,,,100.0,,,,,,,7,4,0,left,red
546,10.0_100.0,hitch,,,,,100.0,,,,,,,8,4,1,left,black
547,10.0_100.0,hitch,,,,,100.0,,,,,,,9,5,0,right,blue
548,10.0_100.0,hitch,,,,,100.0,,,,,,,10,5,1,right,black
549,10.0_100.0,hitch,,,,,100.0,,,,,,,11,6,0,left,red
550,10.0_100.0,hitch,,,,,100.0,,,,,,,12,6,1,left,black
551,10.0_100.0,hitch,,,,,100.0,,,,,,,13,7,0,right,blue
552,10.0_100.0,hitch,,,,,100.0,,,,,,,14,7,1,right,black
553,10.0_100.0,hitch,,,,,100.0,,,,,,,15,8,0,left,red
554,10.0_100.0,hitch,,,,,100.0,,,,,,,16,8,1,left,black
555,10.0_100.0,hitch,,,,,100.0,,,,,,,17,9,0,right,blue
556,10.0_100.0,hitch,,,,,100.0,,,,,,,18,9,1,right,black
557,7.0_105.0,sort,,,,,105.0,,,,,,,1,1,0,left,red
558,7.0_105.0,sort,,,,,105.0,,,,,,,2,2,0,right,blue
559,7.0_105.0,sort,,,,,105.0,,,,,,,3,3,0,left,red
560,7.0_105.0,sort,,,,,105.0,,,,,,,4,4,0,right,blue
561,7.0_105.0,sort,,,,,105.0,,,,,,,5,5,0,left,red
562,7.0_105.0,sort,,,,,105.0,,,,,,,6,6,0,right,blue
563,7.0_105.0,sort,,,,,105.0,,,,,,,7,7,0,left,red
564,7.0_105.0,sort,,,,,105.0,,,,,,,8,8,0,left,red
565,7.0_105.0,sort,,,,,105.0,,,,,,,9,9,0,right,blue
566,7.0_105.0,sort,,,,,105.0,,,,,,,10,10,0,left,red
567,7.0_105.0,sort,,,,,105.0,,,,,,,11,11,0,right,blue
568,7.0_105.0,double,,,,,105.0,,,,,,,1,1,0,left,red
569,7.0_105.0,double,,,,,105.0,,,,,,,2,2,0,right,blue
570,7.0_105.0,double,,,,,105.0,,,,,,,3,3,0,left,red
571,7.0_105.0,double,,,,,105.0,,,,,,,4,4,0,left,red
572,7.0_105.0,double,,,,,105.0,,,,,,,5,5,0,right,blue
573,7.0_105.0,double,,,,,105.0,,,,,,,6,6,0,left,red
574,7.0_105.0,double,,,,,105.0,,,,,,,7,7,0,left,red
575,7.0_105.0,hitch,,,,,105.0,,,,,,,1,1,0,right,black
576,7.0_105.0,hitch,,,,,105.0,,,,,,,2,1,1,right,blue
577,7.0_105.0,hitch,,,,,105.0,,,,,,,3,2,0,left,red
578,7.0_105.0,hitch,,,,,105.0,,,,,,,4,2,1,left,black
579,7.0_105.0,hitch,,,,,105.0,,,,,,,5,3,0,right,black
580,7.0_105.0,hitch,,,,,105.0,,,,,,,6,3,1,right,blue
581,7.0_105.0,hitch,,,,,105.0,,,,,,,7,4,0,left,black
582,7.0_105.0,hitch,,,,,105.0,,,,,,,8,4,1,left,red
583,7.0_105.0,hitch,,,,,105.0,,,,,,,9,5,0,right,black
584,7.0_105.0,hitch,,,,,105.0,,,,,,,10,5,1,right,blue
585,7.0_105.0,hitch,,,,,105.0,,,,,,,11,6,0,right,black
586,7.0_105.0,hitch,,,,,105.0,,,,,,,12,6,1,right,blue
587,7.0_105.0,hitch,,,,,105.0,,,,,,,13,7,0,left,blue
588,7.0_105.0,hitch,,,,,105.0,,,,,,,14,8,0,right,blue
589,7.0_105.0,hitch,,,,,105.0,,,,,,,15,9,0,left,black
590,7.0_105.0,hitch,,,,,105.0,,,,,,,16,9,1,left,red
591,9.0_106.0,sort,,,,,106.0,,,,,,,1,1,0,left,red
592,9.0_106.0,sort,,,,,106.0,,,,,,,2,2,0,right,blue
593,9.0_106.0,sort,,,,,106.0,,,,,,,3,3,0,left,red
594,9.0_106.0,sort,,,,,106.0,,,,,,,4,4,0,right,blue
595,9.0_106.0,sort,,,,,106.0,,,,,,,5,5,0,left,red
596,9.0_106.0,sort,,,,,106.0,,,,,,,6,6,0,right,blue
597,9.0_106.0,sort,,,,,106.0,,,,,,,7,7,0,left,red
598,9.0_106.0,sort,,,,,106.0,,,,,,,8,8,0,right,blue
599,9.0_106.0,sort,,,,,106.0,,,,,,,9,9,0,left,red
600,9.0_106.0,sort,,,,,106.0,,,,,,,10,10,0,right,blue
601,9.0_106.0,sort,,,,,106.0,,,,,,,11,11,0,left,red
602,9.0_106.0,sort,,,,,106.0,,,,,,,12,12,0,right,blue
603,9.0_106.0,sort,,,,,106.0,,,,,,,13,13,0,left,red
604,9.0_106.0,sort,,,,,106.0,,,,,,,14,14,0,right,blue
605,9.0_106.0,sort,,,,,106.0,,,,,,,15,15,0,left,red
606,9.0_106.0,sort,,,,,106.0,,,,,,,16,16,0,right,blue
607,9.0_106.0,sort,,,,,106.0,,,,,,,17,17,0,left,red
608,9.0_106.0,sort,,,,,106.0,,,,,,,18,18,0,right,blue
609,9.0_106.0,sort,,,,,106.0,,,,,,,19,19,0,left,red
610,9.0_106.0,sort,,,,,106.0,,,,,,,20,20,0,right,blue
611,9.0_106.0,double,,,,,106.0,,,,,,,1,1,0,left,red
612,9.0_106.0,double,,,,,106.0,,,,,,,2,2,0,right,blue
613,9.0_106.0,double,,,,,106.0,,,,,,,3,2,1,right,blue
614,9.0_106.0,double,,,,,106.0,,,,,,,4,3,0,left,red
615,9.0_106.0,double,,,,,106.0,,,,,,,5,4,0,right,blue
616,9.0_106.0,double,,,,,106.0,,,,,,,6,4,1,right,blue
617,9.0_106.0,double,,,,,106.0,,,,,,,7,5,0,left,red
618,9.0_106.0,double,,,,,106.0,,,,,,,8,6,0,right,blue
619,9.0_106.0,double,,,,,106.0,,,,,,,9,6,1,right,blue
620,9.0_106.0,double,,,,,106.0,,,,,,,10,7,0,left,red
621,9.0_106.0,double,,,,,106.0,,,,,,,11,8,0,right,blue
622,9.0_106.0,double,,,,,106.0,,,,,,,12,8,1,right,blue
623,9.0_106.0,double,,,,,106.0,,,,,,,13,9,0,left,red
624,9.0_106.0,double,,,,,106.0,,,,,,,14,10,0,right,blue
625,9.0_106.0,double,,,,,106.0,,,,,,,15,10,1,right,blue
626,9.0_106.0,double,,,,,106.0,,,,,,,16,11,0,left,red
627,9.0_106.0,double,,,,,106.0,,,,,,,17,12,0,right,blue
628,9.0_106.0,double,,,,,106.0,,,,,,,18,12,1,right,blue
629,9.0_106.0,hitch,,,,,106.0,,,,,,,1,1,0,right,blue
630,9.0_106.0,hitch,,,,,106.0,,,,,,,2,1,1,right,black
631,9.0_106.0,hitch,,,,,106.0,,,,,,,3,2,0,left,red
632,9.0_106.0,hitch,,,,,106.0,,,,,,,4,2,1,left,black
633,9.0_106.0,hitch,,,,,106.0,,,,,,,5,3,0,right,blue
634,9.0_106.0,hitch,,,,,106.0,,,,,,,6,3,1,right,black
635,9.0_106.0,hitch,,,,,106.0,,,,,,,7,4,0,left,red
636,9.0_106.0,hitch,,,,,106.0,,,,,,,8,4,1,left,black
637,9.0_106.0,hitch,,,,,106.0,,,,,,,9,5,0,right,blue
638,9.0_106.0,hitch,,,,,106.0,,,,,,,10,5,1,right,black
639,9.0_106.0,hitch,,,,,106.0,,,,,,,11,6,0,left,red
640,9.0_106.0,hitch,,,,,106.0,,,,,,,12,6,1,left,black
641,9.0_106.0,hitch,,,,,106.0,,,,,,,13,7,0,right,blue
642,9.0_106.0,hitch,,,,,106.0,,,,,,,14,7,1,right,black
643,9.0_106.0,hitch,,,,,106.0,,,,,,,15,8,0,left,red
644,9.0_106.0,hitch,,,,,106.0,,,,,,,16,8,1,left,black
645,9.0_106.0,hitch,,,,,106.0,,,,,,,17,9,0,right,blue
646,9.0_106.0,hitch,,,,,106.0,,,,,,,18,9,1,right,black
647,9.0_106.0,hitch,,,,,106.0,,,,,,,19,10,0,left,red
648,9.0_106.0,hitch,,,,,106.0,,,,,,,20,10,1,left,black
649,9.0_106.0,hitch,,,,,106.0,,,,,,,21,11,0,right,blue
650,9.0_106.0,hitch,,,,,106.0,,,,,,,22,11,1,right,black
651,9.0_106.0,hitch,,,,,106.0,,,,,,,23,12,0,left,red
652,9.0_106.0,hitch,,,,,106.0,,,,,,,24,12,1,left,black
653,9.0_106.0,hitch,,,,,106.0,,,,,,,25,13,0,right,blue
654,9.0_106.0,hitch,,,,,106.0,,,,,,,26,13,1,right,black
655,13.0_113.0,sort,,,,,113.0,,,,,,,1,1,0,left,red
656,13.0_113.0,sort,,,,,113.0,,,,,,,2,2,0,right,blue
657,13.0_113.0,sort,,,,,113.0,,,,,,,3,3,0,left,red
658,13.0_113.0,sort,,,,,113.0,,,,,,,4,4,0,right,blue
659,13.0_113.0,sort,,,,,113.0,,,,,,,5,5,0,left,red
660,13.0_113.0,sort,,,,,113.0,,,,,,,6,6,0,right,blue
661,13.0_113.0,sort,,,,,113.0,,,,,,,7,7,0,left,red
662,13.0_113.0,sort,,,,,113.0,,,,,,,8,8,0,right,blue
663,13.0_113.0,sort,,,,,113.0,,,,,,,9,9,0,left,red
664,13.0_113.0,sort,,,,,113.0,,,,,,,10,10,0,right,blue
665,13.0_113.0,sort,,,,,113.0,,,,,,,11,11,0,left,red
666,13.0_113.0,sort,,,,,113.0,,,,,,,12,12,0,right,blue
667,13.0_113.0,sort,,,,,113.0,,,,,,,13,13,0,left,red
668,13.0_113.0,sort,,,,,113.0,,,,,,,14,14,0,right,blue
669,13.0_113.0,sort,,,,,113.0,,,,,,,15,15,0,left,red
670,13.0_113.0,sort,,,,,113.0,,,,,,,16,16,0,right,blue
671,13.0_113.0,double,,,,,113.0,,,,,,,1,1,0,left,red
672,13.0_113.0,double,,,,,113.0,,,,,,,2,2,0,right,blue
673,13.0_113.0,double,,,,,113.0,,,,,,,3,2,1,right,blue
674,13.0_113.0,double,,,,,113.0,,,,,,,4,3,0,left,red
675,13.0_113.0,double,,,,,113.0,,,,,,,5,4,0,right,blue
676,13.0_113.0,double,,,,,113.0,,,,,,,6,4,1,right,blue
677,13.0_113.0,double,,,,,113.0,,,,,,,7,5,0,left,red
678,13.0_113.0,double,,,,,113.0,,,,,,,8,6,0,right,blue
679,13.0_113.0,double,,,,,113.0,,,,,,,9,6,1,right,blue
680,13.0_113.0,double,,,,,113.0,,,,,,,10,7,0,left,red
681,13.0_113.0,double,,,,,113.0,,,,,,,11,8,0,right,blue
682,13.0_113.0,double,,,,,113.0,,,,,,,12,8,1,right,blue
683,13.0_113.0,double,,,,,113.0,,,,,,,13,9,0,left,red
684,13.0_113.0,double,,,,,113.0,,,,,,,14,10,0,right,blue
685,13.0_113.0,double,,,,,113.0,,,,,,,15,10,1,right,blue
686,13.0_113.0,double,,,,,113.0,,,,,,,16,11,0,left,red
687,13.0_113.0,double,,,,,113.0,,,,,,,17,12,0,right,blue
688,13.0_113.0,double,,,,,113.0,,,,,,,18,12,1,right,blue
689,13.0_113.0,double,,,,,113.0,,,,,,,19,13,0,left,red
690,13.0_113.0,double,,,,,113.0,,,,,,,20,14,0,right,blue
691,13.0_113.0,double,,,,,113.0,,,,,,,21,14,1,right,blue
692,13.0_113.0,hitch,,,,,113.0,,,,,,,1,1,0,left,red
693,13.0_113.0,hitch,,,,,113.0,,,,,,,2,1,1,left,black
694,13.0_113.0,hitch,,,,,113.0,,,,,,,3,2,0,right,blue
695,13.0_113.0,hitch,,,,,113.0,,,,,,,4,2,1,right,black
696,13.0_113.0,hitch,,,,,113.0,,,,,,,5,3,0,left,red
697,13.0_113.0,hitch,,,,,113.0,,,,,,,6,3,1,left,black
698,13.0_113.0,hitch,,,,,113.0,,,,,,,7,4,0,right,blue
699,13.0_113.0,hitch,,,,,113.0,,,,,,,8,4,1,right,black
700,13.0_113.0,hitch,,,,,113.0,,,,,,,9,5,0,left,red
701,13.0_113.0,hitch,,,,,113.0,,,,,,,10,5,1,left,black
702,13.0_113.0,hitch,,,,,113.0,,,,,,,11,6,0,right,blue
703,13.0_113.0,hitch,,,,,113.0,,,,,,,12,6,1,right,black
704,13.0_113.0,hitch,,,,,113.0,,,,,,,13,7,0,left,red
705,13.0_113.0,hitch,,,,,113.0,,,,,,,14,7,1,left,black
706,13.0_113.0,hitch,,,,,113.0,,,,,,,15,8,0,right,blue
707,13.0_113.0,hitch,,,,,113.0,,,,,,,16,8,1,right,black
708,13.0_113.0,hitch,,,,,113.0,,,,,,,17,9,0,left,red
709,13.0_113.0,hitch,,,,,113.0,,,,,,,18,9,1,left,black
710,13.0_113.0,hitch,,,,,113.0,,,,,,,19,10,0,right,blue
711,13.0_113.0,hitch,,,,,113.0,,,,,,,20,10,1,right,black
712,13.0_113.0,hitch,,,,,113.0,,,,,,,21,11,0,left,red
713,13.0_113.0,hitch,,,,,113.0,,,,,,,22,11,1,left,black
714,8.0_123.0,sort,,,,,123.0,,,,,,,1,1,0,right,blue
715,8.0_123.0,sort,,,,,123.0,,,,,,,2,2,0,left,red
716,8.0_123.0,sort,,,,,123.0,,,,,,,3,3,0,right,blue
717,8.0_123.0,sort,,,,,123.0,,,,,,,4,4,0,left,red
718,8.0_123.0,sort,,,,,123.0,,,,,,,5,5,0,right,blue
719,8.0_123.0,sort,,,,,123.0,,,,,,,6,6,0,left,red
720,8.0_123.0,sort,,,,,123.0,,,,,,,7,7,0,right,blue
721,8.0_123.0,sort,,,,,123.0,,,,,,,8,8,0,left,red
722,8.0_123.0,sort,,,,,123.0,,,,,,,9,9,0,right,blue
723,8.0_123.0,sort,,,,,123.0,,,,,,,10,10,0,left,red
724,8.0_123.0,sort,,,,,123.0,,,,,,,11,11,0,right,blue
725,8.0_123.0,sort,,,,,123.0,,,,,,,12,12,0,right,blue
726,8.0_123.0,sort,,,,,123.0,,,,,,,13,13,0,left,red
727,8.0_123.0,sort,,,,,123.0,,,,,,,14,14,0,right,blue
728,8.0_123.0,sort,,,,,123.0,,,,,,,15,15,0,left,red
729,8.0_123.0,sort,,,,,123.0,,,,,,,16,16,0,right,blue
730,8.0_123.0,double,,,,,123.0,,,,,,,1,1,0,right,blue
731,8.0_123.0,double,,,,,123.0,,,,,,,2,1,1,right,blue
732,8.0_123.0,double,,,,,123.0,,,,,,,3,2,0,left,red
733,8.0_123.0,double,,,,,123.0,,,,,,,4,3,0,right,blue
734,8.0_123.0,double,,,,,123.0,,,,,,,5,3,1,right,blue
735,8.0_123.0,double,,,,,123.0,,,,,,,6,4,0,left,red
736,8.0_123.0,double,,,,,123.0,,,,,,,7,5,0,right,blue
737,8.0_123.0,double,,,,,123.0,,,,,,,8,5,1,right,blue
738,8.0_123.0,double,,,,,123.0,,,,,,,9,6,0,left,red
739,8.0_123.0,double,,,,,123.0,,,,,,,10,7,0,right,blue
740,8.0_123.0,double,,,,,123.0,,,,,,,11,7,1,right,blue
741,8.0_123.0,double,,,,,123.0,,,,,,,12,8,0,left,red
742,8.0_123.0,double,,,,,123.0,,,,,,,13,9,0,right,blue
743,8.0_123.0,double,,,,,123.0,,,,,,,14,9,1,right,blue
744,8.0_123.0,double,,,,,123.0,,,,,,,15,10,0,left,red
745,8.0_123.0,hitch,,,,,123.0,,,,,,,1,1,0,right,blue
746,8.0_123.0,hitch,,,,,123.0,,,,,,,2,1,1,right,black
747,8.0_123.0,hitch,,,,,123.0,,,,,,,3,2,0,left,red
748,8.0_123.0,hitch,,,,,123.0,,,,,,,4,2,1,left,black
749,8.0_123.0,hitch,,,,,123.0,,,,,,,5,3,0,right,blue
750,8.0_123.0,hitch,,,,,123.0,,,,,,,6,3,1,right,black
751,8.0_123.0,hitch,,,,,123.0,,,,,,,7,4,0,left,red
752,8.0_123.0,hitch,,,,,123.0,,,,,,,8,4,1,left,black
753,8.0_123.0,hitch,,,,,123.0,,,,,,,9,5,0,right,blue
754,8.0_123.0,hitch,,,,,123.0,,,,,,,10,5,1,right,black
755,8.0_123.0,hitch,,,,,123.0,,,,,,,11,6,0,left,red
756,8.0_123.0,hitch,,,,,123.0,,,,,,,12,6,1,left,black
757,8.0_123.0,hitch,,,,,123.0,,,,,,,13,7,0,right,blue
758,8.0_123.0,hitch,,,,,123.0,,,,,,,14,7,1,right,black
759,8.0_123.0,hitch,,,,,123.0,,,,,,,15,8,0,left,red
760,8.0_123.0,hitch,,,,,123.0,,,,,,,16,8,1,left,black
761,8.0_123.0,hitch,,,,,123.0,,,,,,,17,9,0,right,blue
762,8.0_123.0,hitch,,,,,123.0,,,,,,,18,9,1,right,black
763,8.0_123.0,hitch,,,,,123.0,,,,,,,19,10,0,left,red
764,8.0_123.0,hitch,,,,,123.0,,,,,,,20,10,1,left,black
765,8.0_123.0,hitch,,,,,123.0,,,,,,,21,11,0,right,blue
766,8.0_123.0,hitch,,,,,123.0,,,,,,,22,11,1,right,black
767,6.0_124.0,sort,,,,,124.0,,,,,,,1,1,0,left,red
768,6.0_124.0,sort,,,,,124.0,,,,,,,2,2,0,right,blue
769,6.0_124.0,sort,,,,,124.0,,,,,,,3,3,0,left,red
770,6.0_124.0,sort,,,,,124.0,,,,,,,4,4,0,right,blue
771,6.0_124.0,sort,,,,,124.0,,,,,,,5,5,0,left,red
772,6.0_124.0,sort,,,,,124.0,,,,,,,6,6,0,right,blue
773,6.0_124.0,sort,,,,,124.0,,,,,,,7,7,0,left,red
774,6.0_124.0,sort,,,,,124.0,,,,,,,8,8,0,right,blue
775,6.0_124.0,sort,,,,,124.0,,,,,,,9,9,0,left,red
776,6.0_124.0,sort,,,,,124.0,,,,,,,10,10,0,right,blue
777,6.0_124.0,sort,,,,,124.0,,,,,,,11,11,0,left,red
778,6.0_124.0,sort,,,,,124.0,,,,,,,12,12,0,right,blue
779,6.0_124.0,sort,,,,,124.0,,,,,,,13,13,0,left,red
780,6.0_124.0,sort,,,,,124.0,,,,,,,14,14,0,right,blue
781,6.0_124.0,sort,,,,,124.0,,,,,,,15,15,0,left,red
782,6.0_124.0,sort,,,,,124.0,,,,,,,16,16,0,right,blue
783,6.0_124.0,sort,,,,,124.0,,,,,,,17,17,0,left,red
784,6.0_124.0,sort,,,,,124.0,,,,,,,18,18,0,right,blue
785,6.0_124.0,sort,,,,,124.0,,,,,,,19,19,0,left,blue
786,6.0_124.0,sort,,,,,124.0,,,,,,,20,20,0,right,blue
787,6.0_124.0,sort,,,,,124.0,,,,,,,21,21,0,left,red
788,6.0_124.0,sort,,,,,124.0,,,,,,,22,22,0,right,blue
789,6.0_124.0,double,,,,,124.0,,,,,,,1,1,0,left,red
790,6.0_124.0,double,,,,,124.0,,,,,,,2,1,1,left,red
791,6.0_124.0,double,,,,,124.0,,,,,,,3,2,0,right,blue
792,6.0_124.0,double,,,,,124.0,,,,,,,4,3,0,left,red
793,6.0_124.0,double,,,,,124.0,,,,,,,5,4,0,right,blue
794,6.0_124.0,double,,,,,124.0,,,,,,,6,5,0,left,red
795,6.0_124.0,double,,,,,124.0,,,,,,,7,6,0,right,blue
796,6.0_124.0,double,,,,,124.0,,,,,,,8,7,0,left,red
797,6.0_124.0,double,,,,,124.0,,,,,,,9,8,0,right,blue
798,6.0_124.0,double,,,,,124.0,,,,,,,10,9,0,left,red
799,6.0_124.0,double,,,,,124.0,,,,,,,11,10,0,right,blue
800,6.0_124.0,double,,,,,124.0,,,,,,,12,11,0,left,red
801,6.0_124.0,double,,,,,124.0,,,,,,,13,12,0,left,red
802,6.0_124.0,double,,,,,124.0,,,,,,,14,13,0,right,blue
803,6.0_124.0,double,,,,,124.0,,,,,,,15,14,0,right,blue
804,6.0_124.0,double,,,,,124.0,,,,,,,16,15,0,left,red
805,6.0_124.0,double,,,,,124.0,,,,,,,17,16,0,right,blue
806,6.0_124.0,double,,,,,124.0,,,,,,,18,17,0,left,red
807,6.0_124.0,double,,,,,124.0,,,,,,,19,18,0,right,blue
808,6.0_124.0,double,,,,,124.0,,,,,,,20,19,0,left,red
809,6.0_124.0,double,,,,,124.0,,,,,,,21,20,0,right,blue
810,6.0_124.0,hitch,,,,,124.0,,,,,,,1,1,0,left,red
811,6.0_124.0,hitch,,,,,124.0,,,,,,,2,1,1,left,black
812,6.0_124.0,hitch,,,,,124.0,,,,,,,3,2,0,right,blue
813,6.0_124.0,hitch,,,,,124.0,,,,,,,4,2,1,right,black
814,6.0_124.0,hitch,,,,,124.0,,,,,,,5,3,0,left,red
815,6.0_124.0,hitch,,,,,124.0,,,,,,,6,3,1,left,black
816,6.0_124.0,hitch,,,,,124.0,,,,,,,7,4,0,right,blue
817,6.0_124.0,hitch,,,,,124.0,,,,,,,8,4,1,right,black
818,6.0_124.0,hitch,,,,,124.0,,,,,,,9,5,0,left,red
819,6.0_124.0,hitch,,,,,124.0,,,,,,,10,5,1,left,black
820,6.0_124.0,hitch,,,,,124.0,,,,,,,11,6,0,right,blue
821,6.0_124.0,hitch,,,,,124.0,,,,,,,12,6,1,right,black
822,6.0_124.0,hitch,,,,,124.0,,,,,,,13,7,0,left,red
823,6.0_124.0,hitch,,,,,124.0,,,,,,,14,7,1,left,black
824,6.0_124.0,hitch,,,,,124.0,,,,,,,15,8,0,right,blue
825,6.0_124.0,hitch,,,,,124.0,,,,,,,16,8,1,right,black
826,6.0_124.0,hitch,,,,,124.0,,,,,,,17,9,0,left,red
827,6.0_124.0,hitch,,,,,124.0,,,,,,,18,9,1,left,black
828,6.0_124.0,hitch,,,,,124.0,,,,,,,19,10,0,right,blue
829,6.0_124.0,hitch,,,,,124.0,,,,,,,20,10,1,right,black
830,nan_nan,sort,,,,,,,,,,,,1,1,0,left,red
831,nan_nan,sort,,,,,,,,,,,,2,2,0,right,blue
832,nan_nan,sort,,,,,,,,,,,,3,3,0,left,red
833,nan_nan,sort,,,,,,,,,,,,4,4,0,right,blue
834,nan_nan,sort,,,,,,,,,,,,5,5,0,left,red
835,nan_nan,sort,,,,,,,,,,,,6,6,0,right,blue
836,nan_nan,sort,,,,,,,,,,,,7,7,0,left,red
837,nan_nan,sort,,,,,,,,,,,,8,8,0,right,blue
838,nan_nan,sort,,,,,,,,,,,,9,9,0,left,red
839,nan_nan,sort,,,,,,,,,,,,10,10,0,right,blue
840,nan_nan,sort,,,,,,,,,,,,11,11,0,right,blue
841,nan_nan,sort,,,,,,,,,,,,12,12,0,left,red
842,nan_nan,sort,,,,,,,,,,,,13,13,0,right,blue
843,nan_nan,sort,,,,,,,,,,,,14,14,0,left,red
844,nan_nan,sort,,,,,,,,,,,,15,15,0,right,blue
845,nan_nan,sort,,,,,,,,,,,,16,16,0,left,red
846,nan_nan,sort,,,,,,,,,,,,17,17,0,right,blue
847,nan_nan,double,,,,,,,,,,,,1,1,0,right,blue
848,nan_nan,double,,,,,,,,,,,,2,1,1,right,blue
849,nan_nan,double,,,,,,,,,,,,3,2,0,left,red
850,nan_nan,double,,,,,,,,,,,,4,3,0,right,blue
851,nan_nan,double,,,,,,,,,,,,5,3,1,right,blue
852,nan_nan,double,,,,,,,,,,,,6,4,0,left,red
853,nan_nan,double,,,,,,,,,,,,7,5,0,right,blue
854,nan_nan,double,,,,,,,,,,,,8,5,1,right,blue
855,nan_nan,double,,,,,,,,,,,,9,6,0,left,red
856,nan_nan,double,,,,,,,,,,,,10,7,0,left,red
857,nan_nan,double,,,,,,,,,,,,11,7,1,left,red
858,nan_nan,double,,,,,,,,,,,,12,8,0,right,blue
859,nan_nan,double,,,,,,,,,,,,13,8,1,right,blue
860,nan_nan,double,,,,,,,,,,,,14,9,0,left,red
861,nan_nan,double,,,,,,,,,,,,15,10,0,right,blue
862,nan_nan,double,,,,,,,,,,,,16,10,1,right,blue
863,nan_nan,double,,,,,,,,,,,,17,11,0,left,red
864,nan_nan,double,,,,,,,,,,,,18,12,0,right,blue
865,nan_nan,double,,,,,,,,,,,,19,12,1,right,blue
866,nan_nan,double,,,,,,,,,,,,20,13,0,left,red
867,nan_nan,hitch,,,,,,,,,,,,1,1,0,right,blue
868,nan_nan,hitch,,,,,,,,,,,,2,1,1,right,black
869,nan_nan,hitch,,,,,,,,,,,,3,2,0,left,red
870,nan_nan,hitch,,,,,,,,,,,,4,2,1,left,black
871,nan_nan,hitch,,,,,,,,,,,,5,3,0,left,red
872,nan_nan,hitch,,,,,,,,,,,,6,3,1,left,black
873,nan_nan,hitch,,,,,,,,,,,,7,4,0,right,blue
874,nan_nan,hitch,,,,,,,,,,,,8,4,1,right,black
875,nan_nan,hitch,,,,,,,,,,,,9,5,0,left,red
876,nan_nan,hitch,,,,,,,,,,,,10,5,1,left,black
877,nan_nan,hitch,,,,,,,,,,,,11,6,0,left,red
878,nan_nan,hitch,,,,,,,,,,,,12,6,1,left,black
879,nan_nan,hitch,,,,,,,,,,,,13,7,0,right,blue
880,nan_nan,hitch,,,,,,,,,,,,14,7,1,right,black
881,7.0_127.0,sort,,,,,127.0,,,,,,,1,1,0,right,blue
882,7.0_127.0,sort,,,,,127.0,,,,,,,2,2,0,left,red
883,7.0_127.0,sort,,,,,127.0,,,,,,,3,3,0,left,red
884,7.0_127.0,sort,,,,,127.0,,,,,,,4,4,0,right,blue
885,7.0_127.0,sort,,,,,127.0,,,,,,,5,5,0,left,red
886,7.0_127.0,sort,,,,,127.0,,,,,,,6,6,0,right,blue
887,7.0_127.0,double,,,,,127.0,,,,,,,1,1,0,left,red
888,7.0_127.0,double,,,,,127.0,,,,,,,2,1,1,left,red
889,7.0_127.0,double,,,,,127.0,,,,,,,3,2,0,right,blue
890,7.0_127.0,double,,,,,127.0,,,,,,,4,2,1,right,blue
891,7.0_127.0,double,,,,,127.0,,,,,,,5,3,0,right,blue
892,7.0_127.0,double,,,,,127.0,,,,,,,6,3,1,right,blue
893,7.0_127.0,double,,,,,127.0,,,,,,,7,4,0,left,red
894,7.0_127.0,double,,,,,127.0,,,,,,,8,4,1,left,red
895,7.0_127.0,double,,,,,127.0,,,,,,,9,5,0,right,blue
896,7.0_127.0,double,,,,,127.0,,,,,,,10,5,1,right,blue
897,7.0_127.0,double,,,,,127.0,,,,,,,11,6,0,left,red
898,7.0_127.0,double,,,,,127.0,,,,,,,12,6,1,left,red
899,7.0_127.0,double,,,,,127.0,,,,,,,13,7,0,right,blue
900,7.0_127.0,double,,,,,127.0,,,,,,,14,7,1,right,blue
901,7.0_127.0,double,,,,,127.0,,,,,,,15,8,0,left,red
902,7.0_127.0,double,,,,,127.0,,,,,,,16,8,1,left,red
903,7.0_127.0,double,,,,,127.0,,,,,,,17,9,0,right,blue
904,7.0_127.0,double,,,,,127.0,,,,,,,18,9,1,right,blue
905,7.0_127.0,double,,,,,127.0,,,,,,,19,10,0,left,red
906,7.0_127.0,double,,,,,127.0,,,,,,,20,10,1,left,red
907,7.0_127.0,hitch,,,,,127.0,,,,,,,1,1,0,right,blue
908,7.0_127.0,hitch,,,,,127.0,,,,,,,2,1,1,right,black
909,7.0_127.0,hitch,,,,,127.0,,,,,,,3,2,0,left,blue
910,7.0_127.0,hitch,,,,,127.0,,,,,,,4,2,1,left,black
911,7.0_127.0,hitch,,,,,127.0,,,,,,,5,3,0,left,red
912,7.0_127.0,hitch,,,,,127.0,,,,,,,6,3,1,left,black
913,7.0_127.0,hitch,,,,,127.0,,,,,,,7,4,0,left,red
914,7.0_127.0,hitch,,,,,127.0,,,,,,,8,4,1,left,black
915,7.0_127.0,hitch,,,,,127.0,,,,,,,9,5,0,right,blue
916,7.0_127.0,hitch,,,,,127.0,,,,,,,10,5,1,right,black
917,7.0_127.0,hitch,,,,,127.0,,,,,,,11,6,0,left,red
918,7.0_127.0,hitch,,,,,127.0,,,,,,,12,6,1,left,black
919,7.0_127.0,hitch,,,,,127.0,,,,,,,13,7,0,left,red
920,7.0_127.0,hitch,,,,,127.0,,,,,,,14,7,1,left,black
921,7.0_127.0,hitch,,,,,127.0,,,,,,,15,8,0,right,blue
922,7.0_127.0,hitch,,,,,127.0,,,,,,,16,8,1,right,black
923,7.0_127.0,hitch,,,,,127.0,,,,,,,17,9,0,right,red
924,7.0_127.0,hitch,,,,,127.0,,,,,,,18,9,1,right,black
925,11.0_128.0,sort,,,,,128.0,,,,,,,1,1,0,right,blue
926,11.0_128.0,sort,,,,,128.0,,,,,,,2,2,0,left,red
927,11.0_128.0,sort,,,,,128.0,,,,,,,3,3,0,right,blue
928,11.0_128.0,sort,,,,,128.0,,,,,,,4,4,0,left,red
929,11.0_128.0,sort,,,,,128.0,,,,,,,5,5,0,right,blue
930,11.0_128.0,sort,,,,,128.0,,,,,,,6,6,0,right,blue
931,11.0_128.0,sort,,,,,128.0,,,,,,,7,7,0,left,red
932,11.0_128.0,sort,,,,,128.0,,,,,,,8,7,1,left,red
933,11.0_128.0,sort,,,,,128.0,,,,,,,9,8,0,right,blue
934,11.0_128.0,sort,,,,,128.0,,,,,,,10,9,0,left,red
935,11.0_128.0,sort,,,,,128.0,,,,,,,11,10,0,left,red
936,11.0_128.0,sort,,,,,128.0,,,,,,,12,11,0,right,red
937,11.0_128.0,sort,,,,,128.0,,,,,,,13,12,0,left,red
938,11.0_128.0,sort,,,,,128.0,,,,,,,14,13,0,right,blue
939,11.0_128.0,sort,,,,,128.0,,,,,,,15,14,0,right,blue
940,11.0_128.0,sort,,,,,128.0,,,,,,,16,15,0,left,red
941,11.0_128.0,sort,,,,,128.0,,,,,,,17,16,0,left,red
942,11.0_128.0,sort,,,,,128.0,,,,,,,18,17,0,right,blue
943,11.0_128.0,sort,,,,,128.0,,,,,,,19,18,0,left,red
944,11.0_128.0,sort,,,,,128.0,,,,,,,20,19,0,right,blue
945,11.0_128.0,sort,,,,,128.0,,,,,,,21,20,0,right,blue
946,11.0_128.0,sort,,,,,128.0,,,,,,,22,21,0,left,red
947,11.0_128.0,sort,,,,,128.0,,,,,,,23,21,1,left,red
948,11.0_128.0,double,,,,,128.0,,,,,,,1,1,0,right,blue
949,11.0_128.0,double,,,,,128.0,,,,,,,2,1,1,right,blue
950,11.0_128.0,double,,,,,128.0,,,,,,,3,2,0,left,red
951,11.0_128.0,double,,,,,128.0,,,,,,,4,3,0,right,blue
952,11.0_128.0,double,,,,,128.0,,,,,,,5,3,1,right,blue
953,11.0_128.0,double,,,,,128.0,,,,,,,6,4,0,right,blue
954,11.0_128.0,double,,,,,128.0,,,,,,,7,5,0,left,red
955,11.0_128.0,double,,,,,128.0,,,,,,,8,6,0,right,blue
956,11.0_128.0,double,,,,,128.0,,,,,,,9,6,1,right,blue
957,11.0_128.0,double,,,,,128.0,,,,,,,10,7,0,left,red
958,11.0_128.0,double,,,,,128.0,,,,,,,11,8,0,right,blue
959,11.0_128.0,double,,,,,128.0,,,,,,,12,9,0,right,blue
960,11.0_128.0,double,,,,,128.0,,,,,,,13,9,1,right,blue
961,11.0_128.0,double,,,,,128.0,,,,,,,14,10,0,left,red
962,11.0_128.0,double,,,,,128.0,,,,,,,15,11,0,right,blue
963,11.0_128.0,double,,,,,128.0,,,,,,,16,12,0,left,red
964,11.0_128.0,double,,,,,128.0,,,,,,,17,13,0,right,blue
965,11.0_128.0,double,,,,,128.0,,,,,,,18,14,0,left,red
966,11.0_128.0,double,,,,,128.0,,,,,,,19,15,0,right,blue
967,11.0_128.0,double,,,,,128.0,,,,,,,20,16,0,left,red
968,11.0_128.0,double,,,,,128.0,,,,,,,21,17,0,right,blue
969,11.0_128.0,double,,,,,128.0,,,,,,,22,18,0,left,red
970,11.0_128.0,hitch,,,,,128.0,,,,,,,1,1,0,right,blue
971,11.0_128.0,hitch,,,,,128.0,,,,,,,2,1,1,right,black
972,11.0_128.0,hitch,,,,,128.0,,,,,,,3,2,0,left,red
973,11.0_128.0,hitch,,,,,128.0,,,,,,,4,2,1,left,black
974,11.0_128.0,hitch,,,,,128.0,,,,,,,5,3,0,right,blue
975,11.0_128.0,hitch,,,,,128.0,,,,,,,6,3,1,right,black
976,11.0_128.0,hitch,,,,,128.0,,,,,,,7,4,0,left,red
977,11.0_128.0,hitch,,,,,128.0,,,,,,,8,4,1,left,black
978,11.0_128.0,hitch,,,,,128.0,,,,,,,9,5,0,right,blue
979,11.0_128.0,hitch,,,,,128.0,,,,,,,10,5,1,right,black
980,11.0_128.0,hitch,,,,,128.0,,,,,,,11,6,0,left,red
981,11.0_128.0,hitch,,,,,128.0,,,,,,,12,6,1,left,black
982,11.0_128.0,hitch,,,,,128.0,,,,,,,13,7,0,right,blue
983,11.0_128.0,hitch,,,,,128.0,,,,,,,14,7,1,right,black
984,11.0_128.0,hitch,,,,,128.0,,,,,,,15,8,0,left,red
985,11.0_128.0,hitch,,,,,128.0,,,,,,,16,8,1,left,black
986,11.0_128.0,hitch,,,,,128.0,,,,,,,17,9,0,right,blue
987,11.0_128.0,hitch,,,,,128.0,,,,,,,18,9,1,right,black
988,11.0_128.0,hitch,,,,,128.0,,,,,,,19,10,0,left,red
989,11.0_128.0,hitch,,,,,128.0,,,,,,,20,10,1,left,black
990,11.0_128.0,hitch,,,,,128.0,,,,,,,21,11,0,left,red
991,11.0_128.0,hitch,,,,,128.0,,,,,,,22,11,1,left,black
992,11.0_128.0,hitch,,,,,128.0,,,,,,,23,12,0,right,blue
993,11.0_128.0,hitch,,,,,128.0,,,,,,,24,12,1,right,black
994,11.0_128.0,hitch,,,,,128.0,,,,,,,25,13,0,left,red
995,11.0_128.0,hitch,,,,,128.0,,,,,,,26,13,1,left,black
996,11.0_128.0,hitch,,,,,128.0,,,,,,,27,14,0,right,blue
997,11.0_128.0,hitch,,,,,128.0,,,,,,,28,14,1,right,black
998,11.0_128.0,hitch,,,,,128.0,,,,,,,29,15,0,left,red
999,11.0_128.0,hitch,,,,,128.0,,,,,,,30,15,1,left,black
1000,8.0_129.0,sort,,,,,129.0,,,,,,,1,1,0,right,blue
1001,8.0_129.0,sort,,,,,129.0,,,,,,,2,2,0,left,red
1002,8.0_129.0,sort,,,,,129.0,,,,,,,3,3,0,right,blue
1003,8.0_129.0,sort,,,,,129.0,,,,,,,4,4,0,left,red
1004,8.0_129.0,sort,,,,,129.0,,,,,,,5,5,0,right,blue
1005,8.0_129.0,sort,,,,,129.0,,,,,,,6,6,0,left,red
1006,8.0_129.0,sort,,,,,129.0,,,,,,,7,7,0,right,blue
1007,8.0_129.0,sort,,,,,129.0,,,,,,,8,8,0,left,red
1008,8.0_129.0,sort,,,,,129.0,,,,,,,9,9,0,right,blue
1009,8.0_129.0,sort,,,,,129.0,,,,,,,10,10,0,left,red
1010,8.0_129.0,sort,,,,,129.0,,,,,,,11,11,0,right,blue
1011,8.0_129.0,sort,,,,,129.0,,,,,,,12,12,0,left,red
1012,8.0_129.0,sort,,,,,129.0,,,,,,,13,13,0,right,blue
1013,8.0_129.0,sort,,,,,129.0,,,,,,,14,14,0,left,red
1014,8.0_129.0,sort,,,,,129.0,,,,,,,15,15,0,left,red
1015,8.0_129.0,sort,,,,,129.0,,,,,,,16,15,1,left,red
1016,8.0_129.0,sort,,,,,129.0,,,,,,,17,16,0,right,blue
1017,8.0_129.0,sort,,,,,129.0,,,,,,,18,16,1,right,blue
1018,8.0_129.0,sort,,,,,129.0,,,,,,,19,17,0,left,red
1019,8.0_129.0,sort,,,,,129.0,,,,,,,20,18,0,right,blue
1020,8.0_129.0,sort,,,,,129.0,,,,,,,21,19,0,left,red
1021,8.0_129.0,double,,,,,129.0,,,,,,,1,1,0,left,red
1022,8.0_129.0,double,,,,,129.0,,,,,,,2,2,0,left,red
1023,8.0_129.0,double,,,,,129.0,,,,,,,3,3,0,right,blue
1024,8.0_129.0,double,,,,,129.0,,,,,,,4,4,0,right,blue
1025,8.0_129.0,double,,,,,129.0,,,,,,,5,4,1,right,blue
1026,8.0_129.0,double,,,,,129.0,,,,,,,6,5,0,left,red
1027,8.0_129.0,double,,,,,129.0,,,,,,,7,5,1,left,red
1028,8.0_129.0,double,,,,,129.0,,,,,,,8,6,0,right,blue
1029,8.0_129.0,double,,,,,129.0,,,,,,,9,7,0,left,red
1030,8.0_129.0,double,,,,,129.0,,,,,,,10,8,0,right,blue
1031,8.0_129.0,double,,,,,129.0,,,,,,,11,9,0,left,red
1032,8.0_129.0,double,,,,,129.0,,,,,,,12,10,0,right,blue
1033,8.0_129.0,double,,,,,129.0,,,,,,,13,11,0,left,red
1034,8.0_129.0,double,,,,,129.0,,,,,,,14,12,0,left,red
1035,8.0_129.0,double,,,,,129.0,,,,,,,15,12,1,left,red
1036,8.0_129.0,double,,,,,129.0,,,,,,,16,13,0,left,blue
1037,8.0_129.0,double,,,,,129.0,,,,,,,17,13,1,left,blue
1038,8.0_129.0,double,,,,,129.0,,,,,,,18,14,0,right,blue
1039,8.0_129.0,double,,,,,129.0,,,,,,,19,14,1,right,blue
1040,8.0_129.0,double,,,,,129.0,,,,,,,20,15,0,left,red
1041,8.0_129.0,double,,,,,129.0,,,,,,,21,15,1,left,red
1042,8.0_129.0,double,,,,,129.0,,,,,,,22,15,2,left,red
1043,8.0_129.0,double,,,,,129.0,,,,,,,23,16,0,right,blue
1044,8.0_129.0,double,,,,,129.0,,,,,,,24,16,1,right,blue
1045,8.0_129.0,double,,,,,129.0,,,,,,,25,17,0,right,blue
1046,8.0_129.0,double,,,,,129.0,,,,,,,26,18,0,left,red
1047,8.0_129.0,double,,,,,129.0,,,,,,,27,18,1,left,red
1048,8.0_129.0,double,,,,,129.0,,,,,,,28,19,0,right,red
1049,8.0_129.0,double,,,,,129.0,,,,,,,29,19,1,right,red
1050,8.0_129.0,hitch,,,,,129.0,,,,,,,1,1,0,left,red
1051,8.0_129.0,hitch,,,,,129.0,,,,,,,2,1,1,left,black
1052,8.0_129.0,hitch,,,,,129.0,,,,,,,3,2,0,right,blue
1053,8.0_129.0,hitch,,,,,129.0,,,,,,,4,2,1,right,black
1054,8.0_129.0,hitch,,,,,129.0,,,,,,,5,3,0,left,red
1055,8.0_129.0,hitch,,,,,129.0,,,,,,,6,3,1,left,black
1056,8.0_129.0,hitch,,,,,129.0,,,,,,,7,4,0,left,red
1057,8.0_129.0,hitch,,,,,129.0,,,,,,,8,4,1,left,black
1058,8.0_129.0,hitch,,,,,129.0,,,,,,,9,5,0,right,blue
1059,8.0_129.0,hitch,,,,,129.0,,,,,,,10,5,1,right,black
1060,8.0_129.0,hitch,,,,,129.0,,,,,,,11,6,0,left,red
1061,8.0_129.0,hitch,,,,,129.0,,,,,,,12,6,1,left,black
1062,8.0_129.0,hitch,,,,,129.0,,,,,,,13,7,0,right,blue
1063,8.0_129.0,hitch,,,,,129.0,,,,,,,14,7,1,right,black
1064,8.0_129.0,hitch,,,,,129.0,,,,,,,15,8,0,left,red
1065,8.0_129.0,hitch,,,,,129.0,,,,,,,16,8,1,left,black
1066,8.0_129.0,hitch,,,,,129.0,,,,,,,17,9,0,right,blue
1067,8.0_129.0,hitch,,,,,129.0,,,,,,,18,9,1,right,black
1068,8.0_129.0,hitch,,,,,129.0,,,,,,,19,10,0,left,red
1069,8.0_129.0,hitch,,,,,129.0,,,,,,,20,10,1,left,black
1070,8.0_129.0,hitch,,,,,129.0,,,,,,,21,11,0,right,blue
1071,8.0_129.0,hitch,,,,,129.0,,,,,,,22,11,1,right,black
1072,8.0_129.0,hitch,,,,,129.0,,,,,,,23,12,0,left,red
1073,8.0_129.0,hitch,,,,,129.0,,,,,,,24,12,1,left,black
1074,8.0_129.0,hitch,,,,,129.0,,,,,,,25,13,0,right,blue
1075,8.0_129.0,hitch,,,,,129.0,,,,,,,26,13,1,right,black
1076,8.0_129.0,hitch,,,,,129.0,,,,,,,27,14,0,left,red
1077,8.0_129.0,hitch,,,,,129.0,,,,,,,28,14,1,left,black
1078,6.0_134.0,sort,,,,,134.0,,,,,,,1,1,0,left,red
1079,6.0_134.0,sort,,,,,134.0,,,,,,,2,2,0,right,blue
1080,6.0_134.0,sort,,,,,134.0,,,,,,,3,3,0,left,red
1081,6.0_134.0,sort,,,,,134.0,,,,,,,4,4,0,right,blue
1082,6.0_134.0,sort,,,,,134.0,,,,,,,5,5,0,left,red
1083,6.0_134.0,sort,,,,,134.0,,,,,,,6,6,0,right,blue
1084,6.0_134.0,sort,,,,,134.0,,,,,,,7,7,0,left,red
1085,6.0_134.0,sort,,,,,134.0,,,,,,,8,8,0,right,blue
1086,6.0_134.0,sort,,,,,134.0,,,,,,,9,9,0,left,red
1087,6.0_134.0,sort,,,,,134.0,,,,,,,10,10,0,right,blue
1088,6.0_134.0,sort,,,,,134.0,,,,,,,11,11,0,left,red
1089,6.0_134.0,sort,,,,,134.0,,,,,,,12,12,0,right,blue
1090,6.0_134.0,sort,,,,,134.0,,,,,,,13,13,0,left,red
1091,6.0_134.0,sort,,,,,134.0,,,,,,,14,14,0,right,blue
1092,6.0_134.0,sort,,,,,134.0,,,,,,,15,15,0,left,red
1093,6.0_134.0,sort,,,,,134.0,,,,,,,16,16,0,right,blue
1094,6.0_134.0,double,,,,,134.0,,,,,,,1,1,0,left,red
1095,6.0_134.0,double,,,,,134.0,,,,,,,2,2,0,right,blue
1096,6.0_134.0,double,,,,,134.0,,,,,,,3,3,0,left,red
1097,6.0_134.0,double,,,,,134.0,,,,,,,4,4,0,right,blue
1098,6.0_134.0,double,,,,,134.0,,,,,,,5,5,0,left,red
1099,6.0_134.0,double,,,,,134.0,,,,,,,6,6,0,right,blue
1100,6.0_134.0,double,,,,,134.0,,,,,,,7,7,0,left,red
1101,6.0_134.0,double,,,,,134.0,,,,,,,8,8,0,right,blue
1102,6.0_134.0,double,,,,,134.0,,,,,,,9,9,0,left,red
1103,6.0_134.0,double,,,,,134.0,,,,,,,10,10,0,right,blue
1104,6.0_134.0,double,,,,,134.0,,,,,,,11,11,0,left,red
1105,6.0_134.0,double,,,,,134.0,,,,,,,12,12,0,right,blue
1106,6.0_134.0,hitch,,,,,134.0,,,,,,,1,1,0,left,red
1107,6.0_134.0,hitch,,,,,134.0,,,,,,,2,1,1,left,black
1108,6.0_134.0,hitch,,,,,134.0,,,,,,,3,2,0,right,blue
1109,6.0_134.0,hitch,,,,,134.0,,,,,,,4,2,1,right,black
1110,6.0_134.0,hitch,,,,,134.0,,,,,,,5,3,0,left,red
1111,6.0_134.0,hitch,,,,,134.0,,,,,,,6,3,1,left,black
1112,6.0_134.0,hitch,,,,,134.0,,,,,,,7,4,0,right,blue
1113,6.0_134.0,hitch,,,,,134.0,,,,,,,8,4,1,right,black
1114,6.0_134.0,hitch,,,,,134.0,,,,,,,9,5,0,left,red
1115,6.0_134.0,hitch,,,,,134.0,,,,,,,10,5,1,left,black
1116,6.0_134.0,hitch,,,,,134.0,,,,,,,11,6,0,right,blue
1117,6.0_134.0,hitch,,,,,134.0,,,,,,,12,6,1,right,black
1118,6.0_134.0,hitch,,,,,134.0,,,,,,,13,7,0,left,red
1119,6.0_134.0,hitch,,,,,134.0,,,,,,,14,7,1,left,black
1120,8.0_135.0,sort,,,,,135.0,,,,,,,1,1,0,left,red
1121,8.0_135.0,sort,,,,,135.0,,,,,,,2,2,0,right,blue
1122,8.0_135.0,sort,,,,,135.0,,,,,,,3,3,0,left,red
1123,8.0_135.0,sort,,,,,135.0,,,,,,,4,4,0,right,blue
1124,8.0_135.0,sort,,,,,135.0,,,,,,,5,5,0,left,red
1125,8.0_135.0,sort,,,,,135.0,,,,,,,6,6,0,right,blue
1126,8.0_135.0,sort,,,,,135.0,,,,,,,7,7,0,left,red
1127,8.0_135.0,sort,,,,,135.0,,,,,,,8,8,0,right,blue
1128,8.0_135.0,sort,,,,,135.0,,,,,,,9,9,0,left,red
1129,8.0_135.0,sort,,,,,135.0,,,,,,,10,10,0,right,blue
1130,8.0_135.0,sort,,,,,135.0,,,,,,,11,11,0,left,red
1131,8.0_135.0,sort,,,,,135.0,,,,,,,12,12,0,right,blue
1132,8.0_135.0,sort,,,,,135.0,,,,,,,13,13,0,left,red
1133,8.0_135.0,sort,,,,,135.0,,,,,,,14,14,0,right,blue
1134,8.0_135.0,sort,,,,,135.0,,,,,,,15,15,0,left,red
1135,8.0_135.0,sort,,,,,135.0,,,,,,,16,16,0,right,blue
1136,8.0_135.0,sort,,,,,135.0,,,,,,,17,17,0,left,red
1137,8.0_135.0,sort,,,,,135.0,,,,,,,18,18,0,right,blue
1138,8.0_135.0,sort,,,,,135.0,,,,,,,19,19,0,left,red
1139,8.0_135.0,sort,,,,,135.0,,,,,,,20,20,0,right,blue
1140,8.0_135.0,sort,,,,,135.0,,,,,,,21,21,0,left,red
1141,8.0_135.0,sort,,,,,135.0,,,,,,,22,22,0,right,blue
1142,8.0_135.0,double,,,,,135.0,,,,,,,1,1,0,left,red
1143,8.0_135.0,double,,,,,135.0,,,,,,,2,2,0,right,blue
1144,8.0_135.0,double,,,,,135.0,,,,,,,3,2,1,right,blue
1145,8.0_135.0,double,,,,,135.0,,,,,,,4,3,0,left,red
1146,8.0_135.0,double,,,,,135.0,,,,,,,5,4,0,right,blue
1147,8.0_135.0,double,,,,,135.0,,,,,,,6,4,1,right,blue
1148,8.0_135.0,double,,,,,135.0,,,,,,,7,5,0,left,red
1149,8.0_135.0,double,,,,,135.0,,,,,,,8,6,0,right,blue
1150,8.0_135.0,double,,,,,135.0,,,,,,,9,6,1,right,blue
1151,8.0_135.0,double,,,,,135.0,,,,,,,10,7,0,left,red
1152,8.0_135.0,double,,,,,135.0,,,,,,,11,8,0,right,blue
1153,8.0_135.0,double,,,,,135.0,,,,,,,12,8,1,right,blue
1154,8.0_135.0,double,,,,,135.0,,,,,,,13,9,0,left,red
1155,8.0_135.0,double,,,,,135.0,,,,,,,14,10,0,right,blue
1156,8.0_135.0,double,,,,,135.0,,,,,,,15,10,1,right,blue
1157,8.0_135.0,double,,,,,135.0,,,,,,,16,11,0,left,red
1158,8.0_135.0,double,,,,,135.0,,,,,,,17,12,0,right,blue
1159,8.0_135.0,double,,,,,135.0,,,,,,,18,12,1,right,blue
1160,8.0_135.0,double,,,,,135.0,,,,,,,19,13,0,left,red
1161,8.0_135.0,double,,,,,135.0,,,,,,,20,14,0,right,blue
1162,8.0_135.0,double,,,,,135.0,,,,,,,21,14,1,right,blue
1163,8.0_135.0,double,,,,,135.0,,,,,,,22,15,0,left,red
1164,8.0_135.0,double,,,,,135.0,,,,,,,23,16,0,right,blue
1165,8.0_135.0,double,,,,,135.0,,,,,,,24,16,1,right,blue
1166,8.0_135.0,double,,,,,135.0,,,,,,,25,17,0,right,blue
1167,8.0_135.0,double,,,,,135.0,,,,,,,26,17,1,right,blue
1168,8.0_135.0,double,,,,,135.0,,,,,,,27,18,0,left,red
1169,8.0_135.0,hitch,,,,,135.0,,,,,,,1,1,0,left,red
1170,8.0_135.0,hitch,,,,,135.0,,,,,,,2,1,1,left,black
1171,8.0_135.0,hitch,,,,,135.0,,,,,,,3,2,0,right,blue
1172,8.0_135.0,hitch,,,,,135.0,,,,,,,4,2,1,right,black
1173,8.0_135.0,hitch,,,,,135.0,,,,,,,5,3,0,left,red
1174,8.0_135.0,hitch,,,,,135.0,,,,,,,6,3,1,left,black
1175,8.0_135.0,hitch,,,,,135.0,,,,,,,7,4,0,right,blue
1176,8.0_135.0,hitch,,,,,135.0,,,,,,,8,4,1,right,black
1177,8.0_135.0,hitch,,,,,135.0,,,,,,,9,5,0,right,blue
1178,8.0_135.0,hitch,,,,,135.0,,,,,,,10,5,1,right,black
1179,8.0_135.0,hitch,,,,,135.0,,,,,,,11,6,0,left,red
1180,8.0_135.0,hitch,,,,,135.0,,,,,,,12,6,1,left,black
1181,8.0_135.0,hitch,,,,,135.0,,,,,,,13,7,0,right,blue
1182,8.0_135.0,hitch,,,,,135.0,,,,,,,14,7,1,right,black
1183,8.0_135.0,hitch,,,,,135.0,,,,,,,15,8,0,left,red
1184,8.0_135.0,hitch,,,,,135.0,,,,,,,16,8,1,left,black
1185,8.0_135.0,hitch,,,,,135.0,,,,,,,17,9,0,right,blue
1186,8.0_135.0,hitch,,,,,135.0,,,,,,,18,9,1,right,black
1187,6.0_138.0,sort,,,,,138.0,,,,,,,1,1,0,left,red
1188,6.0_138.0,sort,,,,,138.0,,,,,,,2,2,0,right,blue
1189,6.0_138.0,sort,,,,,138.0,,,,,,,3,3,0,left,red
1190,6.0_138.0,sort,,,,,138.0,,,,,,,4,4,0,right,blue
1191,6.0_138.0,sort,,,,,138.0,,,,,,,5,5,0,left,red
1192,6.0_138.0,sort,,,,,138.0,,,,,,,6,6,0,right,blue
1193,6.0_138.0,sort,,,,,138.0,,,,,,,7,7,0,left,red
1194,6.0_138.0,sort,,,,,138.0,,,,,,,8,8,0,right,blue
1195,6.0_138.0,sort,,,,,138.0,,,,,,,9,9,0,left,red
1196,6.0_138.0,sort,,,,,138.0,,,,,,,10,10,0,right,blue
1197,6.0_138.0,sort,,,,,138.0,,,,,,,11,11,0,left,red
1198,6.0_138.0,sort,,,,,138.0,,,,,,,12,12,0,right,blue
1199,6.0_138.0,sort,,,,,138.0,,,,,,,13,13,0,right,blue
1200,6.0_138.0,sort,,,,,138.0,,,,,,,14,15,0,left,red
1201,6.0_138.0,sort,,,,,138.0,,,,,,,15,16,0,right,blue
1202,6.0_138.0,sort,,,,,138.0,,,,,,,16,17,0,left,red
1203,6.0_138.0,sort,,,,,138.0,,,,,,,17,18,0,right,blue
1204,6.0_138.0,sort,,,,,138.0,,,,,,,18,19,0,left,red
1205,6.0_138.0,sort,,,,,138.0,,,,,,,19,20,0,right,blue
1206,6.0_138.0,double,,,,,138.0,,,,,,,1,1,0,left,red
1207,6.0_138.0,double,,,,,138.0,,,,,,,2,2,0,right,blue
1208,6.0_138.0,double,,,,,138.0,,,,,,,3,2,1,right,blue
1209,6.0_138.0,double,,,,,138.0,,,,,,,4,3,0,left,red
1210,6.0_138.0,double,,,,,138.0,,,,,,,5,4,0,right,blue
1211,6.0_138.0,double,,,,,138.0,,,,,,,6,4,1,right,blue
1212,6.0_138.0,hitch,,,,,138.0,,,,,,,1,1,0,left,red
1213,6.0_138.0,hitch,,,,,138.0,,,,,,,2,1,1,left,black
1214,6.0_138.0,hitch,,,,,138.0,,,,,,,3,2,0,right,blue
1215,6.0_138.0,hitch,,,,,138.0,,,,,,,4,2,1,right,black
1216,6.0_138.0,hitch,,,,,138.0,,,,,,,5,3,0,right,blue
1217,6.0_138.0,hitch,,,,,138.0,,,,,,,6,3,1,right,black
1218,6.0_138.0,hitch,,,,,138.0,,,,,,,7,4,0,left,blue
1219,6.0_138.0,hitch,,,,,138.0,,,,,,,8,4,1,left,black
1220,6.0_138.0,hitch,,,,,138.0,,,,,,,9,5,0,right,blue
1221,6.0_138.0,hitch,,,,,138.0,,,,,,,10,5,1,right,black
1222,6.0_138.0,hitch,,,,,138.0,,,,,,,11,6,0,left,red
1223,6.0_138.0,hitch,,,,,138.0,,,,,,,12,6,1,left,black
1224,6.0_138.0,hitch,,,,,138.0,,,,,,,13,7,0,right,blue
1225,6.0_138.0,hitch,,,,,138.0,,,,,,,14,7,1,right,black
1226,6.0_138.0,hitch,,,,,138.0,,,,,,,15,8,0,left,red
1227,6.0_138.0,hitch,,,,,138.0,,,,,,,16,8,1,left,black
1228,6.0_138.0,hitch,,,,,138.0,,,,,,,17,9,0,right,blue
1229,6.0_138.0,hitch,,,,,138.0,,,,,,,18,9,1,right,black
1230,6.0_138.0,hitch,,,,,138.0,,,,,,,19,10,0,left,red
1231,6.0_138.0,hitch,,,,,138.0,,,,,,,20,10,1,left,black
1232,6.0_138.0,hitch,,,,,138.0,,,,,,,21,11,0,right,blue
1233,6.0_138.0,hitch,,,,,138.0,,,,,,,22,11,1,right,black
1234,6.0_138.0,hitch,,,,,138.0,,,,,,,23,12,0,left,red
1235,6.0_138.0,hitch,,,,,138.0,,,,,,,24,12,1,left,black
1236,6.0_138.0,hitch,,,,,138.0,,,,,,,25,13,0,right,blue
1237,6.0_138.0,hitch,,,,,138.0,,,,,,,26,13,1,right,black
1238,5.0_139.0,sort,,,,,139.0,,,,,,,1,1,0,left,red
1239,5.0_139.0,sort,,,,,139.0,,,,,,,2,2,0,right,blue
1240,5.0_139.0,sort,,,,,139.0,,,,,,,3,3,0,left,red
1241,5.0_139.0,sort,,,,,139.0,,,,,,,4,4,0,right,blue
1242,5.0_139.0,sort,,,,,139.0,,,,,,,5,5,0,left,red
1243,5.0_139.0,sort,,,,,139.0,,,,,,,6,6,0,right,blue
1244,5.0_139.0,sort,,,,,139.0,,,,,,,7,7,0,left,red
1245,5.0_139.0,sort,,,,,139.0,,,,,,,8,8,0,right,blue
1246,5.0_139.0,sort,,,,,139.0,,,,,,,9,9,0,left,red
1247,5.0_139.0,sort,,,,,139.0,,,,,,,10,10,0,right,blue
1248,5.0_139.0,double,,,,,139.0,,,,,,,1,1,0,left,red
1249,5.0_139.0,double,,,,,139.0,,,,,,,2,2,0,right,blue
1250,5.0_139.0,double,,,,,139.0,,,,,,,3,2,1,right,blue
1251,5.0_139.0,double,,,,,139.0,,,,,,,4,3,0,left,red
1252,5.0_139.0,double,,,,,139.0,,,,,,,5,4,0,right,blue
1253,5.0_139.0,double,,,,,139.0,,,,,,,6,4,1,right,blue
1254,5.0_139.0,double,,,,,139.0,,,,,,,7,5,0,left,red
1255,5.0_139.0,double,,,,,139.0,,,,,,,8,6,0,right,blue
1256,5.0_139.0,double,,,,,139.0,,,,,,,9,6,1,right,blue
1257,5.0_139.0,double,,,,,139.0,,,,,,,10,7,0,left,red
1258,5.0_139.0,double,,,,,139.0,,,,,,,11,8,0,right,blue
1259,5.0_139.0,double,,,,,139.0,,,,,,,12,8,1,right,blue
1260,5.0_139.0,double,,,,,139.0,,,,,,,13,9,0,left,red
1261,5.0_139.0,double,,,,,139.0,,,,,,,14,10,0,right,blue
1262,5.0_139.0,double,,,,,139.0,,,,,,,15,10,1,right,blue
1263,5.0_139.0,hitch,,,,,139.0,,,,,,,1,1,0,left,red
1264,5.0_139.0,hitch,,,,,139.0,,,,,,,2,1,1,left,black
1265,5.0_139.0,hitch,,,,,139.0,,,,,,,3,2,0,right,blue
1266,5.0_139.0,hitch,,,,,139.0,,,,,,,4,2,1,right,black
1267,5.0_139.0,hitch,,,,,139.0,,,,,,,5,3,0,left,red
1268,5.0_139.0,hitch,,,,,139.0,,,,,,,6,3,1,left,black
1269,5.0_139.0,hitch,,,,,139.0,,,,,,,7,4,0,right,blue
1270,5.0_139.0,hitch,,,,,139.0,,,,,,,8,4,1,right,black
1271,5.0_139.0,hitch,,,,,139.0,,,,,,,9,5,0,left,red
1272,5.0_139.0,hitch,,,,,139.0,,,,,,,10,5,1,left,black
1273,5.0_139.0,hitch,,,,,139.0,,,,,,,11,6,0,right,blue
1274,5.0_139.0,hitch,,,,,139.0,,,,,,,12,6,1,right,black
1275,6.0_145.0,sort,,,,,145.0,,,,,,,1,1,0,left,red
1276,6.0_145.0,sort,,,,,145.0,,,,,,,2,2,0,right,blue
1277,6.0_145.0,sort,,,,,145.0,,,,,,,3,3,0,left,red
1278,6.0_145.0,sort,,,,,145.0,,,,,,,4,4,0,right,blue
1279,6.0_145.0,sort,,,,,145.0,,,,,,,5,5,0,left,red
1280,6.0_145.0,sort,,,,,145.0,,,,,,,6,6,0,right,blue
1281,6.0_145.0,sort,,,,,145.0,,,,,,,7,6,1,right,blue
1282,6.0_145.0,sort,,,,,145.0,,,,,,,8,7,0,left,red
1283,6.0_145.0,sort,,,,,145.0,,,,,,,9,8,0,right,blue
1284,6.0_145.0,sort,,,,,145.0,,,,,,,10,8,1,right,blue
1285,6.0_145.0,sort,,,,,145.0,,,,,,,11,9,0,right,blue
1286,6.0_145.0,sort,,,,,145.0,,,,,,,12,10,0,left,red
1287,6.0_145.0,sort,,,,,145.0,,,,,,,13,10,1,left,red
1288,6.0_145.0,sort,,,,,145.0,,,,,,,14,10,2,left,red
1289,6.0_145.0,sort,,,,,145.0,,,,,,,15,11,0,left,red
1290,6.0_145.0,sort,,,,,145.0,,,,,,,16,12,0,right,blue
1291,6.0_145.0,sort,,,,,145.0,,,,,,,17,12,1,right,blue
1292,6.0_145.0,double,,,,,145.0,,,,,,,1,1,0,left,red
1293,6.0_145.0,double,,,,,145.0,,,,,,,2,1,1,left,red
1294,6.0_145.0,double,,,,,145.0,,,,,,,3,2,0,right,blue
1295,6.0_145.0,double,,,,,145.0,,,,,,,4,2,1,right,blue
1296,6.0_145.0,double,,,,,145.0,,,,,,,5,3,0,right,blue
1297,6.0_145.0,double,,,,,145.0,,,,,,,6,4,0,left,red
1298,6.0_145.0,double,,,,,145.0,,,,,,,7,5,0,left,red
1299,6.0_145.0,double,,,,,145.0,,,,,,,8,5,1,left,red
1300,6.0_145.0,double,,,,,145.0,,,,,,,9,6,0,right,blue
1301,6.0_145.0,double,,,,,145.0,,,,,,,10,6,1,right,blue
1302,6.0_145.0,double,,,,,145.0,,,,,,,11,7,0,right,blue
1303,6.0_145.0,double,,,,,145.0,,,,,,,12,8,0,right,blue
1304,6.0_145.0,double,,,,,145.0,,,,,,,13,9,0,left,red
1305,6.0_145.0,double,,,,,145.0,,,,,,,14,9,1,left,red
1306,6.0_145.0,double,,,,,145.0,,,,,,,15,9,2,left,red
1307,6.0_145.0,double,,,,,145.0,,,,,,,16,10,0,right,blue
1308,6.0_145.0,double,,,,,145.0,,,,,,,17,10,1,right,blue
1309,6.0_145.0,double,,,,,145.0,,,,,,,18,10,2,right,blue
1310,6.0_145.0,double,,,,,145.0,,,,,,,19,11,0,left,red
1311,6.0_145.0,double,,,,,145.0,,,,,,,20,11,1,left,red
1312,6.0_145.0,double,,,,,145.0,,,,,,,21,11,2,left,red
1313,6.0_145.0,hitch,,,,,145.0,,,,,,,1,1,0,left,red
1314,6.0_145.0,hitch,,,,,145.0,,,,,,,2,1,1,left,black
1315,6.0_145.0,hitch,,,,,145.0,,,,,,,3,2,0,right,blue
1316,6.0_145.0,hitch,,,,,145.0,,,,,,,4,2,1,right,black
1317,6.0_145.0,hitch,,,,,145.0,,,,,,,5,3,0,left,red
1318,6.0_145.0,hitch,,,,,145.0,,,,,,,6,3,1,left,black
1319,6.0_145.0,hitch,,,,,145.0,,,,,,,7,4,0,right,blue
1320,6.0_145.0,hitch,,,,,145.0,,,,,,,8,4,1,right,black
1321,6.0_145.0,hitch,,,,,145.0,,,,,,,9,5,0,right,blue
1322,6.0_145.0,hitch,,,,,145.0,,,,,,,10,5,1,right,blue
1323,6.0_145.0,hitch,,,,,145.0,,,,,,,11,6,0,right,blue
1324,6.0_145.0,hitch,,,,,145.0,,,,,,,12,6,1,right,black
1325,6.0_145.0,hitch,,,,,145.0,,,,,,,13,7,0,left,red
1326,6.0_145.0,hitch,,,,,145.0,,,,,,,14,7,1,left,black
1327,nan_163.0,sort,,,,,163.0,,,,,,,1,1,0,left,red
1328,nan_163.0,sort,,,,,163.0,,,,,,,2,2,0,right,blue
1329,nan_163.0,sort,,,,,163.0,,,,,,,3,3,0,left,red
1330,nan_163.0,sort,,,,,163.0,,,,,,,4,4,0,right,blue
1331,nan_163.0,sort,,,,,163.0,,,,,,,5,5,0,right,red
1332,nan_163.0,sort,,,,,163.0,,,,,,,6,6,0,left,red
1333,nan_163.0,sort,,,,,163.0,,,,,,,7,7,0,right,blue
1334,nan_163.0,sort,,,,,163.0,,,,,,,8,8,0,left,red
1335,nan_163.0,sort,,,,,163.0,,,,,,,9,9,0,right,blue
1336,nan_163.0,sort,,,,,163.0,,,,,,,10,10,0,left,red
1337,nan_163.0,sort,,,,,163.0,,,,,,,11,11,0,right,blue
1338,nan_163.0,sort,,,,,163.0,,,,,,,12,12,0,left,red
1339,nan_163.0,sort,,,,,163.0,,,,,,,13,13,0,right,blue
1340,nan_163.0,sort,,,,,163.0,,,,,,,14,14,0,left,red
1341,nan_163.0,sort,,,,,163.0,,,,,,,15,15,0,right,blue
1342,nan_163.0,double,,,,,163.0,,,,,,,1,1,0,left,red
1343,nan_163.0,double,,,,,163.0,,,,,,,2,2,0,right,blue
1344,nan_163.0,double,,,,,163.0,,,,,,,3,2,1,right,blue
1345,nan_163.0,double,,,,,163.0,,,,,,,4,3,0,left,red
1346,nan_163.0,double,,,,,163.0,,,,,,,5,4,0,right,blue
1347,nan_163.0,double,,,,,163.0,,,,,,,6,4,1,right,blue
1348,nan_163.0,double,,,,,163.0,,,,,,,7,5,0,left,red
1349,nan_163.0,double,,,,,163.0,,,,,,,8,6,0,right,blue
1350,nan_163.0,double,,,,,163.0,,,,,,,9,6,1,right,blue
1351,nan_163.0,double,,,,,163.0,,,,,,,10,7,0,left,red
1352,nan_163.0,double,,,,,163.0,,,,,,,11,8,0,right,blue
1353,nan_163.0,double,,,,,163.0,,,,,,,12,8,1,right,blue
1354,nan_163.0,double,,,,,163.0,,,,,,,13,9,0,left,red
1355,nan_163.0,double,,,,,163.0,,,,,,,14,10,0,right,blue
1356,nan_163.0,double,,,,,163.0,,,,,,,15,10,1,right,blue
1357,nan_163.0,double,,,,,163.0,,,,,,,16,11,0,left,red
1358,nan_163.0,double,,,,,163.0,,,,,,,17,12,0,right,blue
1359,nan_163.0,double,,,,,163.0,,,,,,,18,13,0,right,blue
1360,nan_163.0,double,,,,,163.0,,,,,,,19,14,0,left,red
1361,nan_163.0,double,,,,,163.0,,,,,,,20,15,0,right,blue
1362,nan_163.0,double,,,,,163.0,,,,,,,21,15,1,right,blue
1363,nan_163.0,hitch,,,,,163.0,,,,,,,1,1,0,right,blue
1364,nan_163.0,hitch,,,,,163.0,,,,,,,2,1,1,right,black
1365,nan_163.0,hitch,,,,,163.0,,,,,,,3,2,0,left,red
1366,nan_163.0,hitch,,,,,163.0,,,,,,,4,2,1,left,black
1367,nan_163.0,hitch,,,,,163.0,,,,,,,5,3,0,right,blue
1368,nan_163.0,hitch,,,,,163.0,,,,,,,6,3,1,right,black
1369,nan_163.0,hitch,,,,,163.0,,,,,,,7,4,0,left,red
1370,nan_163.0,hitch,,,,,163.0,,,,,,,8,4,1,left,black
1371,nan_163.0,hitch,,,,,163.0,,,,,,,9,5,0,right,blue
1372,nan_163.0,hitch,,,,,163.0,,,,,,,10,5,1,right,black
1373,nan_163.0,hitch,,,,,163.0,,,,,,,11,6,0,left,red
1374,nan_163.0,hitch,,,,,163.0,,,,,,,12,6,1,left,black
1375,nan_163.0,hitch,,,,,163.0,,,,,,,13,7,0,right,blue
1376,nan_163.0,hitch,,,,,163.0,,,,,,,14,7,1,right,black
1377,nan_163.0,hitch,,,,,163.0,,,,,,,15,8,0,left,red
1378,nan_163.0,hitch,,,,,163.0,,,,,,,16,8,1,left,black
1379,nan_164.0,sort,,,,,164.0,,,,,,,1,1,0,right,blue
1380,nan_164.0,sort,,,,,164.0,,,,,,,2,2,0,left,red
1381,nan_164.0,sort,,,,,164.0,,,,,,,3,3,0,left,red
1382,nan_164.0,sort,,,,,164.0,,,,,,,4,4,0,right,blue
1383,nan_164.0,sort,,,,,164.0,,,,,,,5,5,0,right,blue
1384,nan_164.0,sort,,,,,164.0,,,,,,,6,6,0,right,blue
1385,nan_164.0,sort,,,,,164.0,,,,,,,7,7,0,right,blue
1386,nan_164.0,sort,,,,,164.0,,,,,,,8,8,0,left,red
1387,nan_164.0,sort,,,,,164.0,,,,,,,9,9,0,left,blue
1388,nan_164.0,sort,,,,,164.0,,,,,,,10,10,0,right,blue
1389,nan_164.0,sort,,,,,164.0,,,,,,,11,11,0,right,blue
1390,nan_164.0,sort,,,,,164.0,,,,,,,12,12,0,right,blue
1391,nan_164.0,sort,,,,,164.0,,,,,,,13,13,0,right,blue
1392,nan_164.0,sort,,,,,164.0,,,,,,,14,14,0,left,red
1393,nan_164.0,sort,,,,,164.0,,,,,,,15,15,0,left,red
1394,nan_164.0,double,,,,,164.0,,,,,,,1,1,0,right,blue
1395,nan_164.0,double,,,,,164.0,,,,,,,2,2,0,left,red
1396,nan_164.0,double,,,,,164.0,,,,,,,3,3,0,left,red
1397,nan_164.0,double,,,,,164.0,,,,,,,4,4,0,left,red
1398,nan_164.0,double,,,,,164.0,,,,,,,5,5,0,left,red
1399,nan_164.0,double,,,,,164.0,,,,,,,6,6,0,left,red
1400,nan_164.0,double,,,,,164.0,,,,,,,7,7,0,right,blue
1401,nan_164.0,double,,,,,164.0,,,,,,,8,8,0,right,blue
1402,nan_164.0,double,,,,,164.0,,,,,,,9,9,0,right,blue
1403,nan_164.0,double,,,,,164.0,,,,,,,10,10,0,left,red
1404,nan_164.0,double,,,,,164.0,,,,,,,11,11,0,left,red
1405,nan_164.0,double,,,,,164.0,,,,,,,12,12,0,left,red
1406,nan_164.0,double,,,,,164.0,,,,,,,13,13,0,right,blue
1407,nan_164.0,double,,,,,164.0,,,,,,,14,14,0,left,red
1408,nan_164.0,double,,,,,164.0,,,,,,,15,15,0,left,red
1409,nan_164.0,double,,,,,164.0,,,,,,,16,16,0,right,blue
1410,nan_164.0,double,,,,,164.0,,,,,,,17,17,0,right,blue
1411,nan_164.0,double,,,,,164.0,,,,,,,18,18,0,left,red
1412,nan_164.0,double,,,,,164.0,,,,,,,19,19,0,right,blue
1413,nan_164.0,hitch,,,,,164.0,,,,,,,1,1,0,right,blue
1414,nan_164.0,hitch,,,,,164.0,,,,,,,2,1,1,right,black
1415,nan_164.0,hitch,,,,,164.0,,,,,,,3,2,0,right,blue
1416,nan_164.0,hitch,,,,,164.0,,,,,,,4,2,1,right,black
1417,nan_164.0,hitch,,,,,164.0,,,,,,,5,3,0,right,blue
1418,nan_164.0,hitch,,,,,164.0,,,,,,,6,3,1,right,black
1419,nan_164.0,hitch,,,,,164.0,,,,,,,7,4,0,left,red
1420,nan_164.0,hitch,,,,,164.0,,,,,,,8,4,1,left,black
1421,nan_164.0,hitch,,,,,164.0,,,,,,,9,5,0,right,blue
1422,nan_164.0,hitch,,,,,164.0,,,,,,,10,5,1,right,black
1423,nan_164.0,hitch,,,,,164.0,,,,,,,11,6,0,left,red
1424,nan_164.0,hitch,,,,,164.0,,,,,,,12,6,1,left,black
1425,nan_164.0,hitch,,,,,164.0,,,,,,,13,7,0,left,red
1426,nan_164.0,hitch,,,,,164.0,,,,,,,14,7,1,left,black
1427,nan_164.0,hitch,,,,,164.0,,,,,,,15,8,0,right,blue
1428,nan_164.0,hitch,,,,,164.0,,,,,,,16,8,1,right,black
1429,nan_164.0,hitch,,,,,164.0,,,,,,,17,9,0,right,blue
1430,nan_164.0,hitch,,,,,164.0,,,,,,,18,9,1,right,black
1431,nan_164.0,hitch,,,,,164.0,,,,,,,19,10,0,left,red
1432,nan_164.0,hitch,,,,,164.0,,,,,,,20,10,1,left,black
1433,nan_171.0,randomsort,,,,,171.0,,,,,,,1,1,0,right,red
1434,nan_171.0,randomsort,,,,,171.0,,,,,,,2,2,0,right,red
1435,nan_171.0,randomsort,,,,,171.0,,,,,,,3,3,0,left,red
1436,nan_171.0,randomsort,,,,,171.0,,,,,,,4,4,0,left,red
1437,nan_171.0,randomsort,,,,,171.0,,,,,,,5,5,0,left,red
1438,nan_171.0,randomsort,,,,,171.0,,,,,,,6,6,0,left,red
1439,nan_171.0,randomsort,,,,,171.0,,,,,,,7,7,0,left,red
1440,nan_171.0,randomsort,,,,,171.0,,,,,,,8,8,0,left,blue
1441,nan_171.0,randomsort,,,,,171.0,,,,,,,9,9,0,left,red
1442,nan_171.0,randomsort,,,,,171.0,,,,,,,10,10,0,left,blue
1443,nan_171.0,randomsort,,,,,171.0,,,,,,,11,11,0,left,blue
1444,nan_171.0,randomsort,,,,,171.0,,,,,,,12,12,0,left,red
1445,nan_171.0,sort,,,,,171.0,,,,,,,1,1,0,left,red
1446,nan_171.0,sort,,,,,171.0,,,,,,,2,2,0,right,blue
1447,nan_171.0,sort,,,,,171.0,,,,,,,3,3,0,right,blue
1448,nan_171.0,sort,,,,,171.0,,,,,,,4,4,0,left,red
1449,nan_171.0,sort,,,,,171.0,,,,,,,5,5,0,left,red
1450,nan_171.0,sort,,,,,171.0,,,,,,,6,6,0,right,blue
1451,nan_171.0,sort,,,,,171.0,,,,,,,7,7,0,left,red
1452,nan_171.0,sort,,,,,171.0,,,,,,,8,8,0,right,blue
1453,nan_171.0,sort,,,,,171.0,,,,,,,9,9,0,left,red
1454,nan_171.0,sort,,,,,171.0,,,,,,,10,10,0,right,blue
1455,nan_171.0,sort,,,,,171.0,,,,,,,11,11,0,left,red
1456,nan_171.0,sort,,,,,171.0,,,,,,,12,12,0,right,blue
1457,nan_171.0,sort,,,,,171.0,,,,,,,13,13,0,right,blue
1458,nan_171.0,sort,,,,,171.0,,,,,,,14,14,0,left,red
1459,nan_171.0,sort,,,,,171.0,,,,,,,15,15,0,right,blue
1460,nan_171.0,sort,,,,,171.0,,,,,,,16,16,0,left,red
1461,nan_171.0,sort,,,,,171.0,,,,,,,17,17,0,right,blue
1462,nan_171.0,sort,,,,,171.0,,,,,,,18,18,0,left,red
1463,nan_171.0,sort,,,,,171.0,,,,,,,19,19,0,left,red
1464,nan_171.0,double,,,,,171.0,,,,,,,1,1,0,left,red
1465,nan_171.0,double,,,,,171.0,,,,,,,2,2,0,right,blue
1466,nan_171.0,double,,,,,171.0,,,,,,,3,3,0,right,blue
1467,nan_171.0,double,,,,,171.0,,,,,,,4,4,0,left,red
1468,nan_171.0,double,,,,,171.0,,,,,,,5,5,0,right,blue
1469,nan_171.0,double,,,,,171.0,,,,,,,6,6,0,left,red
1470,nan_171.0,double,,,,,171.0,,,,,,,7,7,0,right,blue
1471,nan_171.0,double,,,,,171.0,,,,,,,8,8,0,left,red
1472,nan_171.0,double,,,,,171.0,,,,,,,9,9,0,left,red
1473,nan_171.0,double,,,,,171.0,,,,,,,10,10,0,right,blue
1474,nan_171.0,double,,,,,171.0,,,,,,,11,11,0,left,red
1475,nan_171.0,double,,,,,171.0,,,,,,,12,12,0,left,red
1476,nan_171.0,double,,,,,171.0,,,,,,,13,13,0,right,blue
1477,nan_171.0,double,,,,,171.0,,,,,,,14,14,0,left,red
1478,nan_171.0,double,,,,,171.0,,,,,,,15,15,0,right,blue
1479,nan_171.0,double,,,,,171.0,,,,,,,16,16,0,left,red
1480,nan_171.0,double,,,,,171.0,,,,,,,17,17,0,right,blue
1481,nan_171.0,double,,,,,171.0,,,,,,,18,18,0,left,red
1482,nan_171.0,hitch,,,,,171.0,,,,,,,1,1,0,left,red
1483,nan_171.0,hitch,,,,,171.0,,,,,,,2,1,1,left,black
1484,nan_171.0,hitch,,,,,171.0,,,,,,,3,2,0,right,blue
1485,nan_171.0,hitch,,,,,171.0,,,,,,,4,2,1,right,black
1486,nan_171.0,hitch,,,,,171.0,,,,,,,5,3,0,right,blue
1487,nan_171.0,hitch,,,,,171.0,,,,,,,6,3,1,right,black
1488,nan_171.0,hitch,,,,,171.0,,,,,,,7,4,0,left,red
1489,nan_171.0,hitch,,,,,171.0,,,,,,,8,4,1,left,black
1490,nan_171.0,hitch,,,,,171.0,,,,,,,9,5,0,right,blue
1491,nan_171.0,hitch,,,,,171.0,,,,,,,10,5,1,right,black
1492,nan_171.0,hitch,,,,,171.0,,,,,,,11,6,0,left,red
1493,nan_171.0,hitch,,,,,171.0,,,,,,,12,6,1,left,black
1494,nan_171.0,hitch,,,,,171.0,,,,,,,13,7,0,left,red
1495,nan_171.0,hitch,,,,,171.0,,,,,,,14,7,1,left,black
1496,nan_171.0,hitch,,,,,171.0,,,,,,,15,8,0,left,red
1497,nan_171.0,hitch,,,,,171.0,,,,,,,16,8,1,left,black
1498,nan_171.0,hitch,,,,,171.0,,,,,,,17,9,0,right,blue
1499,nan_171.0,hitch,,,,,171.0,,,,,,,18,9,1,right,black
1500,nan_171.0,hitch,,,,,171.0,,,,,,,19,10,0,left,red
1501,nan_171.0,hitch,,,,,171.0,,,,,,,20,10,1,left,black
1502,nan_171.0,hitch,,,,,171.0,,,,,,,21,11,0,left,red
1503,nan_171.0,hitch,,,,,171.0,,,,,,,22,11,1,left,black
1504,nan_171.0,hitch,,,,,171.0,,,,,,,23,12,0,left,red
1505,nan_171.0,hitch,,,,,171.0,,,,,,,24,12,1,left,black
1506,nan_171.0,hitch,,,,,171.0,,,,,,,25,13,0,right,blue
1507,nan_171.0,hitch,,,,,171.0,,,,,,,26,13,1,right,black
1508,nan_173.0,randomsort,,,,,173.0,,,,,,,1,1,0,left,red
1509,nan_173.0,randomsort,,,,,173.0,,,,,,,2,2,0,left,red
1510,nan_173.0,randomsort,,,,,173.0,,,,,,,3,3,0,left,blue
1511,nan_173.0,randomsort,,,,,173.0,,,,,,,4,4,0,right,red
1512,nan_173.0,randomsort,,,,,173.0,,,,,,,5,5,0,left,red
1513,nan_173.0,randomsort,,,,,173.0,,,,,,,6,5,1,left,blue
1514,nan_173.0,randomsort,,,,,173.0,,,,,,,7,6,0,right,blue
1515,nan_173.0,randomsort,,,,,173.0,,,,,,,8,7,0,right,blue
1516,nan_173.0,randomsort,,,,,173.0,,,,,,,9,7,1,right,blue
1517,nan_173.0,randomsort,,,,,173.0,,,,,,,10,7,2,right,blue
1518,nan_173.0,randomsort,,,,,173.0,,,,,,,11,8,0,right,red
1519,nan_173.0,randomsort,,,,,173.0,,,,,,,12,9,0,right,red
1520,nan_173.0,randomsort,,,,,173.0,,,,,,,13,10,0,right,red
1521,nan_173.0,randomsort,,,,,173.0,,,,,,,14,11,0,right,blue
1522,nan_173.0,randomsort,,,,,173.0,,,,,,,15,12,0,right,blue
1523,nan_173.0,sort,,,,,173.0,,,,,,,1,1,0,right,blue
1524,nan_173.0,sort,,,,,173.0,,,,,,,2,2,0,left,red
1525,nan_173.0,sort,,,,,173.0,,,,,,,3,3,0,right,blue
1526,nan_173.0,sort,,,,,173.0,,,,,,,4,4,0,right,blue
1527,nan_173.0,sort,,,,,173.0,,,,,,,5,5,0,left,red
1528,nan_173.0,sort,,,,,173.0,,,,,,,6,6,0,right,blue
1529,nan_173.0,sort,,,,,173.0,,,,,,,7,7,0,right,blue
1530,nan_173.0,sort,,,,,173.0,,,,,,,8,8,0,left,red
1531,nan_173.0,sort,,,,,173.0,,,,,,,9,9,0,left,red
1532,nan_173.0,sort,,,,,173.0,,,,,,,10,10,0,right,blue
1533,nan_173.0,sort,,,,,173.0,,,,,,,11,11,0,right,blue
1534,nan_173.0,sort,,,,,173.0,,,,,,,12,12,0,left,red
1535,nan_173.0,sort,,,,,173.0,,,,,,,13,13,0,right,red
1536,nan_173.0,sort,,,,,173.0,,,,,,,14,14,0,left,blue
1537,nan_173.0,sort,,,,,173.0,,,,,,,15,15,0,left,red
1538,nan_173.0,sort,,,,,173.0,,,,,,,16,16,0,right,blue
1539,nan_173.0,sort,,,,,173.0,,,,,,,17,17,0,left,red
1540,nan_173.0,sort,,,,,173.0,,,,,,,18,18,0,right,blue
1541,nan_173.0,double,,,,,173.0,,,,,,,1,1,0,right,blue
1542,nan_173.0,double,,,,,173.0,,,,,,,2,2,0,left,red
1543,nan_173.0,double,,,,,173.0,,,,,,,3,3,0,left,red
1544,nan_173.0,double,,,,,173.0,,,,,,,4,4,0,right,blue
1545,nan_173.0,double,,,,,173.0,,,,,,,5,5,0,left,red
1546,nan_173.0,double,,,,,173.0,,,,,,,6,6,0,right,blue
1547,nan_173.0,double,,,,,173.0,,,,,,,7,7,0,right,blue
1548,nan_173.0,double,,,,,173.0,,,,,,,8,8,0,left,red
1549,nan_173.0,double,,,,,173.0,,,,,,,9,9,0,left,red
1550,nan_173.0,double,,,,,173.0,,,,,,,10,10,0,left,red
1551,nan_173.0,double,,,,,173.0,,,,,,,11,11,0,right,blue
1552,nan_173.0,double,,,,,173.0,,,,,,,12,12,0,right,blue
1553,nan_173.0,double,,,,,173.0,,,,,,,13,12,1,right,blue
1554,nan_173.0,double,,,,,173.0,,,,,,,14,13,0,right,blue
1555,nan_173.0,double,,,,,173.0,,,,,,,15,13,1,right,blue
1556,nan_173.0,double,,,,,173.0,,,,,,,16,14,0,left,red
1557,nan_173.0,double,,,,,173.0,,,,,,,17,14,1,left,red
1558,nan_173.0,hitch,,,,,173.0,,,,,,,1,1,0,right,blue
1559,nan_173.0,hitch,,,,,173.0,,,,,,,2,1,1,right,black
1560,nan_173.0,hitch,,,,,173.0,,,,,,,3,2,0,left,red
1561,nan_173.0,hitch,,,,,173.0,,,,,,,4,2,1,left,black
1562,nan_173.0,hitch,,,,,173.0,,,,,,,5,3,0,right,blue
1563,nan_173.0,hitch,,,,,173.0,,,,,,,6,3,1,right,black
1564,nan_173.0,hitch,,,,,173.0,,,,,,,7,4,0,left,red
1565,nan_173.0,hitch,,,,,173.0,,,,,,,8,4,1,left,black
1566,nan_173.0,hitch,,,,,173.0,,,,,,,9,5,0,left,blue
1567,nan_173.0,hitch,,,,,173.0,,,,,,,10,5,1,left,black
1568,nan_173.0,hitch,,,,,173.0,,,,,,,11,6,0,left,red
1569,nan_173.0,hitch,,,,,173.0,,,,,,,12,6,1,left,black
1570,nan_173.0,hitch,,,,,173.0,,,,,,,13,7,0,right,red
1571,nan_173.0,hitch,,,,,173.0,,,,,,,14,7,1,right,red
1572,nan_173.0,hitch,,,,,173.0,,,,,,,15,7,2,right,black
1573,nan_173.0,hitch,,,,,173.0,,,,,,,16,8,0,left,blue
1574,nan_173.0,hitch,,,,,173.0,,,,,,,17,8,1,left,black
1575,nan_173.0,hitch,,,,,173.0,,,,,,,18,8,2,left,black
1576,nan_173.0,hitch,,,,,173.0,,,,,,,19,9,0,left,red
1577,nan_173.0,hitch,,,,,173.0,,,,,,,20,9,1,left,black
1578,nan_173.0,hitch,,,,,173.0,,,,,,,21,10,0,left,blue
1579,nan_173.0,hitch,,,,,173.0,,,,,,,22,10,1,left,black
1580,nan_173.0,hitch,,,,,173.0,,,,,,,23,11,0,right,blue
1581,nan_173.0,hitch,,,,,173.0,,,,,,,24,11,1,right,black
1582,nan_173.0,hitch,,,,,173.0,,,,,,,25,12,0,right,red
1583,nan_173.0,hitch,,,,,173.0,,,,,,,26,12,1,right,black
1584,nan_173.0,hitch,,,,,173.0,,,,,,,27,12,2,right,black
1585,nan_173.0,hitch,,,,,173.0,,,,,,,28,12,3,right,black
1586,nan_173.0,hitch,,,,,173.0,,,,,,,29,13,0,left,blue
1587,nan_173.0,hitch,,,,,173.0,,,,,,,30,13,1,left,black
1588,nan_174.0,match,,,,,174.0,,,,,,,1,1,0,1,blue
1589,nan_174.0,match,,,,,174.0,,,,,,,2,3,0,1,red
1590,nan_174.0,match,,,,,174.0,,,,,,,3,4,0,1,black
1591,nan_174.0,match,,,,,174.0,,,,,,,4,5,0,1,black
1592,nan_174.0,match,,,,,174.0,,,,,,,5,6,0,1,red
1593,nan_174.0,match,,,,,174.0,,,,,,,6,6,1,1,red
1594,nan_174.0,match,,,,,174.0,,,,,,,7,6,2,1,black
1595,nan_174.0,sort,,,,,174.0,,,,,,,1,1,0,right,blue
1596,nan_174.0,sort,,,,,174.0,,,,,,,2,2,0,left,red
1597,nan_174.0,sort,,,,,174.0,,,,,,,3,3,0,right,blue
1598,nan_174.0,sort,,,,,174.0,,,,,,,4,4,0,left,red
1599,nan_174.0,sort,,,,,174.0,,,,,,,5,5,0,right,blue
1600,nan_174.0,sort,,,,,174.0,,,,,,,6,6,0,right,blue
1601,nan_174.0,sort,,,,,174.0,,,,,,,7,7,0,left,red
1602,nan_174.0,sort,,,,,174.0,,,,,,,8,8,0,left,red
1603,nan_174.0,sort,,,,,174.0,,,,,,,9,9,0,right,blue
1604,nan_174.0,sort,,,,,174.0,,,,,,,10,10,0,right,blue
1605,nan_174.0,sort,,,,,174.0,,,,,,,11,11,0,right,blue
1606,nan_174.0,sort,,,,,174.0,,,,,,,12,12,0,left,red
1607,nan_174.0,sort,,,,,174.0,,,,,,,13,13,0,right,blue
1608,nan_174.0,sort,,,,,174.0,,,,,,,14,14,0,right,blue
1609,nan_174.0,sort,,,,,174.0,,,,,,,15,15,0,right,blue
1610,nan_174.0,sort,,,,,174.0,,,,,,,16,16,0,left,red
1611,nan_174.0,double,,,,,174.0,,,,,,,1,1,0,left,red
1612,nan_174.0,double,,,,,174.0,,,,,,,2,2,0,right,blue
1613,nan_174.0,double,,,,,174.0,,,,,,,3,3,0,left,red
1614,nan_174.0,double,,,,,174.0,,,,,,,4,3,1,left,red
1615,nan_174.0,double,,,,,174.0,,,,,,,5,4,0,right,blue
1616,nan_174.0,double,,,,,174.0,,,,,,,6,5,0,right,blue
1617,nan_174.0,double,,,,,174.0,,,,,,,7,6,0,left,red
1618,nan_174.0,double,,,,,174.0,,,,,,,8,6,1,left,red
1619,nan_174.0,double,,,,,174.0,,,,,,,9,7,0,left,red
1620,nan_174.0,double,,,,,174.0,,,,,,,10,8,0,right,blue
1621,nan_174.0,double,,,,,174.0,,,,,,,11,9,0,right,blue
1622,nan_174.0,double,,,,,174.0,,,,,,,12,10,0,left,red
1623,nan_174.0,double,,,,,174.0,,,,,,,13,10,1,left,red
1624,nan_174.0,double,,,,,174.0,,,,,,,14,11,0,right,blue
1625,nan_174.0,double,,,,,174.0,,,,,,,15,11,1,right,blue
1626,nan_174.0,double,,,,,174.0,,,,,,,16,12,0,left,red
1627,nan_174.0,double,,,,,174.0,,,,,,,17,12,1,left,red
1628,nan_174.0,double,,,,,174.0,,,,,,,18,13,0,left,red
1629,nan_174.0,double,,,,,174.0,,,,,,,19,13,1,left,red
1630,nan_174.0,hitch,,,,,174.0,,,,,,,1,1,0,left,blue
1631,nan_174.0,hitch,,,,,174.0,,,,,,,2,1,1,left,black
1632,nan_174.0,hitch,,,,,174.0,,,,,,,3,2,0,right,blue
1633,nan_174.0,hitch,,,,,174.0,,,,,,,4,3,0,right,blue
1634,nan_174.0,hitch,,,,,174.0,,,,,,,5,3,1,right,black
1635,nan_174.0,hitch,,,,,174.0,,,,,,,6,4,0,left,red
1636,nan_174.0,hitch,,,,,174.0,,,,,,,7,4,1,left,black
1637,nan_174.0,hitch,,,,,174.0,,,,,,,8,5,0,right,blue
1638,nan_174.0,hitch,,,,,174.0,,,,,,,9,5,1,right,black
1639,nan_174.0,hitch,,,,,174.0,,,,,,,10,6,0,right,blue
1640,nan_174.0,hitch,,,,,174.0,,,,,,,11,6,1,right,black
1641,nan_174.0,hitch,,,,,174.0,,,,,,,12,7,0,right,blue
1642,nan_174.0,hitch,,,,,174.0,,,,,,,13,7,1,right,black
1643,nan_174.0,hitch,,,,,174.0,,,,,,,14,8,0,left,red
1644,nan_174.0,hitch,,,,,174.0,,,,,,,15,8,1,left,black
1645,nan_174.0,hitch,,,,,174.0,,,,,,,16,9,0,left,red
1646,nan_174.0,hitch,,,,,174.0,,,,,,,17,9,1,left,black
1647,nan_174.0,hitch,,,,,174.0,,,,,,,18,10,0,right,blue
1648,nan_174.0,hitch,,,,,174.0,,,,,,,19,10,1,right,black
1649,nan_174.0,hitch,,,,,174.0,,,,,,,20,11,0,left,red
1650,nan_174.0,hitch,,,,,174.0,,,,,,,21,11,1,left,black
1651,nan_176.0,randomsort,,,,,176.0,,,,,,,1,1,0,left,red
1652,nan_176.0,randomsort,,,,,176.0,,,,,,,2,2,0,right,red
1653,nan_176.0,randomsort,,,,,176.0,,,,,,,3,3,0,left,blue
1654,nan_176.0,randomsort,,,,,176.0,,,,,,,4,4,0,right,blue
1655,nan_176.0,randomsort,,,,,176.0,,,,,,,5,5,0,right,blue
1656,nan_176.0,randomsort,,,,,176.0,,,,,,,6,6,0,right,red
1657,nan_176.0,randomsort,,,,,176.0,,,,,,,7,7,0,left,red
1658,nan_176.0,randomsort,,,,,176.0,,,,,,,8,8,0,right,blue
1659,nan_176.0,randomsort,,,,,176.0,,,,,,,9,9,0,right,red
1660,nan_176.0,randomsort,,,,,176.0,,,,,,,10,10,0,right,blue
1661,nan_176.0,sort,,,,,176.0,,,,,,,1,1,0,right,blue
1662,nan_176.0,sort,,,,,176.0,,,,,,,2,2,0,left,red
1663,nan_176.0,sort,,,,,176.0,,,,,,,3,3,0,right,blue
1664,nan_176.0,sort,,,,,176.0,,,,,,,4,4,0,left,red
1665,nan_176.0,sort,,,,,176.0,,,,,,,5,5,0,left,red
1666,nan_176.0,sort,,,,,176.0,,,,,,,6,6,0,left,red
1667,nan_176.0,sort,,,,,176.0,,,,,,,7,7,0,right,blue
1668,nan_176.0,sort,,,,,176.0,,,,,,,8,8,0,right,blue
1669,nan_176.0,sort,,,,,176.0,,,,,,,9,9,0,left,red
1670,nan_176.0,sort,,,,,176.0,,,,,,,10,10,0,right,blue
1671,nan_176.0,sort,,,,,176.0,,,,,,,11,11,0,right,blue
1672,nan_176.0,sort,,,,,176.0,,,,,,,12,12,0,left,red
1673,nan_176.0,sort,,,,,176.0,,,,,,,13,13,0,right,blue
1674,nan_176.0,sort,,,,,176.0,,,,,,,14,14,0,left,red
1675,nan_176.0,sort,,,,,176.0,,,,,,,15,15,0,right,blue
1676,nan_176.0,sort,,,,,176.0,,,,,,,16,16,0,left,red
1677,nan_176.0,sort,,,,,176.0,,,,,,,17,16,1,left,red
1678,nan_176.0,double,,,,,176.0,,,,,,,1,1,0,left,red
1679,nan_176.0,double,,,,,176.0,,,,,,,2,1,1,left,red
1680,nan_176.0,double,,,,,176.0,,,,,,,3,2,0,right,blue
1681,nan_176.0,double,,,,,176.0,,,,,,,4,3,0,left,red
1682,nan_176.0,double,,,,,176.0,,,,,,,5,4,0,right,blue
1683,nan_176.0,double,,,,,176.0,,,,,,,6,5,0,left,red
1684,nan_176.0,double,,,,,176.0,,,,,,,7,6,0,left,red
1685,nan_176.0,double,,,,,176.0,,,,,,,8,7,0,right,blue
1686,nan_176.0,double,,,,,176.0,,,,,,,9,8,0,right,blue
1687,nan_176.0,double,,,,,176.0,,,,,,,10,9,0,left,red
1688,nan_176.0,double,,,,,176.0,,,,,,,11,10,0,right,blue
1689,nan_176.0,double,,,,,176.0,,,,,,,12,10,1,right,blue
1690,nan_176.0,double,,,,,176.0,,,,,,,13,11,0,left,red
1691,nan_176.0,hitch,,,,,176.0,,,,,,,1,1,0,right,black
1692,nan_176.0,hitch,,,,,176.0,,,,,,,2,2,0,left,red
1693,nan_176.0,hitch,,,,,176.0,,,,,,,3,3,0,right,red
1694,nan_176.0,hitch,,,,,176.0,,,,,,,4,3,1,right,black
1695,nan_176.0,hitch,,,,,176.0,,,,,,,5,4,0,right,blue
1696,nan_176.0,hitch,,,,,176.0,,,,,,,6,4,1,right,black
1697,nan_176.0,hitch,,,,,176.0,,,,,,,7,5,0,left,red
1698,nan_176.0,hitch,,,,,176.0,,,,,,,8,6,0,right,black
1699,nan_176.0,hitch,,,,,176.0,,,,,,,9,7,0,right,blue
1700,nan_176.0,hitch,,,,,176.0,,,,,,,10,7,1,right,red
1701,nan_176.0,hitch,,,,,176.0,,,,,,,11,8,0,right,black
1702,nan_176.0,hitch,,,,,176.0,,,,,,,12,9,0,right,blue
1703,nan_176.0,hitch,,,,,176.0,,,,,,,13,10,0,right,blue
1704,nan_176.0,hitch,,,,,176.0,,,,,,,14,10,1,right,black
1705,nan_183.0,sort,,,,,183.0,,,,,,,1,1,0,right,blue
1706,nan_183.0,sort,,,,,183.0,,,,,,,2,2,0,right,blue
1707,nan_183.0,sort,,,,,183.0,,,,,,,3,3,0,right,blue
1708,nan_183.0,sort,,,,,183.0,,,,,,,4,4,0,left,red
1709,nan_183.0,sort,,,,,183.0,,,,,,,5,5,0,left,red
1710,nan_183.0,sort,,,,,183.0,,,,,,,6,6,0,left,red
1711,nan_183.0,sort,,,,,183.0,,,,,,,7,7,0,left,red
1712,nan_183.0,sort,,,,,183.0,,,,,,,8,8,0,left,red
1713,nan_183.0,sort,,,,,183.0,,,,,,,9,9,0,left,red
1714,nan_183.0,sort,,,,,183.0,,,,,,,10,10,0,left,red
1715,nan_183.0,sort,,,,,183.0,,,,,,,11,11,0,left,red
1716,nan_183.0,double,,,,,183.0,,,,,,,1,1,0,left,red
1717,nan_183.0,double,,,,,183.0,,,,,,,2,2,0,left,red
1718,nan_183.0,double,,,,,183.0,,,,,,,3,3,0,left,red
1719,nan_183.0,double,,,,,183.0,,,,,,,4,3,1,left,red
1720,nan_183.0,double,,,,,183.0,,,,,,,5,4,0,left,red
1721,nan_183.0,double,,,,,183.0,,,,,,,6,4,1,left,red
1722,nan_183.0,double,,,,,183.0,,,,,,,7,5,0,left,red
1723,nan_183.0,double,,,,,183.0,,,,,,,8,5,1,left,red
1724,nan_183.0,double,,,,,183.0,,,,,,,9,6,0,left,red
1725,nan_183.0,double,,,,,183.0,,,,,,,10,6,1,left,red
1726,nan_183.0,double,,,,,183.0,,,,,,,11,7,0,left,red
1727,nan_183.0,double,,,,,183.0,,,,,,,12,7,1,left,red
1728,nan_183.0,hitch,,,,,183.0,,,,,,,1,1,0,left,blue
1729,nan_183.0,hitch,,,,,183.0,,,,,,,2,2,0,left,red
1730,nan_183.0,hitch,,,,,183.0,,,,,,,3,3,0,left,red
1731,nan_183.0,hitch,,,,,183.0,,,,,,,4,4,0,left,red
1732,nan_183.0,hitch,,,,,183.0,,,,,,,5,5,0,left,red
1733,nan_183.0,hitch,,,,,183.0,,,,,,,6,6,0,left,red
1734,nan_183.0,hitch,,,,,183.0,,,,,,,7,7,0,left,red
1735,nan_183.0,hitch,,,,,183.0,,,,,,,8,8,0,left,red
1736,nan_183.0,hitch,,,,,183.0,,,,,,,9,8,1,left,red
1737,nan_183.0,hitch,,,,,183.0,,,,,,,10,8,2,left,red
1738,nan_183.0,hitch,,,,,183.0,,,,,,,11,9,0,left,red
1739,nan_183.0,hitch,,,,,183.0,,,,,,,12,9,1,left,red
1740,nan_183.0,hitch,,,,,183.0,,,,,,,13,9,2,left,red
